,城市,区域,链接
0,北京,海淀,/haidian/
1,北京,朝阳,/chaoyang/
2,北京,顺义,/shunyi/
3,北京,怀柔,/huairou/
4,北京,通州,/tongzhou/
5,北京,昌平,/changping/
6,北京,延庆,/yanqing/
7,北京,丰台,/fengtai/
8,北京,石景山,/shijingshan/
9,北京,大兴,/daxing/
10,北京,房山,/fangshan/
11,北京,密云,/miyun/
12,北京,门头沟,/mentougou/
13,北京,平谷,/pinggu/
14,北京,东城,/dongchengqu/
15,北京,西城,/xichengqu/
16,重庆,江北,/jiangbei/
17,重庆,渝中,/yuzhongqu/
18,重庆,大渡口,/dadukou/
19,重庆,沙坪坝,/shapingba/
20,重庆,九龙坡,/jiulongpo/
21,重庆,南岸,/nananqu/
22,重庆,开州,/kaizhou/
23,重庆,永川,/yongchuan/
24,重庆,合川,/hechuan/
25,重庆,南川,/nanchuan/
26,重庆,江津,/jiangjin/
27,重庆,万盛,/wansheng/
28,重庆,渝北,/yubei/
29,重庆,北碚,/beibei/
30,重庆,巴南,/banan/
31,重庆,长寿,/changshou/
32,重庆,黔江,/qianjiang/
33,重庆,万州,/wanzhou/
34,重庆,涪陵,/fuling/
35,重庆,开县,/kaixian/
36,重庆,城口,/chengkou/
37,重庆,云阳,/yunyang/
38,重庆,巫溪,/wuxi/
39,重庆,奉节,/fengjie/
40,重庆,巫山,/wushan/
41,重庆,潼南,/tongnan/
42,重庆,垫江,/dianjiang/
43,重庆,梁平,/liangping/
44,重庆,忠县,/zhongxian/
45,重庆,石柱,/shizhu/
46,重庆,大足,/dazu/
47,重庆,荣昌,/rongchang/
48,重庆,铜梁,/tongliang/
49,重庆,璧山,/bishan/
50,重庆,丰都,/fengdu/
51,重庆,武隆,/wulong/
52,重庆,彭水,/pengshui/
53,重庆,綦江,/qijiang/
54,重庆,酉阳,/youyang/
55,重庆,秀山,/xiushan/
56,上海,徐汇,/xuhui/
57,上海,静安,/jinganqu/
58,上海,杨浦,/yangpuqu/
59,上海,闵行,/minhang/
60,上海,宝山,/baoshan/
61,上海,嘉定,/jiading/
62,上海,南汇,/nanhui/
63,上海,金山,/jinshan/
64,上海,青浦,/qingpu/
65,上海,松江,/songjiang/
66,上海,奉贤,/fengxian/
67,上海,崇明,/chongming/
68,上海,徐家汇,/xujiahui/
69,上海,浦东,/pudong/
70,上海,长宁,/changningqu/
71,上海,虹口,/hongkou1/
72,上海,黄浦,/huangpu1/
73,天津,武清,/wuqing/
74,天津,宝坻,/baodi/
75,天津,东丽,/dongli/
76,天津,西青,/xiqing/
77,天津,北辰,/beichen/
78,天津,宁河,/ninghe/
79,天津,汉沽,/hangu/
80,天津,静海,/jinghai/
81,天津,津南,/jinnan/
82,天津,塘沽,/tanggu/
83,天津,大港,/dagang/
84,天津,蓟州,/tianjinjizhou/
85,天津,红桥,/hongqiaoqu/
86,天津,河西,/hexiqu/
87,天津,河东,/hedongqu/
88,天津,河北,/hebeiqu/
89,天津,和平,/hepingqu/
90,天津,南开,/nankaiqu/
91,天津,滨海,/binhaixinqu/
92,安徽,安庆,/anqing/
93,安徽,枞阳,/zongyang/
94,安徽,太湖,/taihu/
95,安徽,潜山,/qianshan/
96,安徽,怀宁,/huaining/
97,安徽,宿松,/susong/
98,安徽,望江,/wangjiang/
99,安徽,岳西,/yuexi/
100,安徽,桐城,/tongcheng1/
101,安徽,迎江,/yingjiangqu/
102,安徽,宜秀,/yixiuqu/
103,安徽,大观,/daguanqu/
104,安徽,蚌埠,/bengbu/
105,安徽,怀远,/huaiyuan/
106,安徽,固镇,/guzhen/
107,安徽,五河,/wuhe/
108,安徽,龙子湖,/longzihu/
109,安徽,禹会,/yuhuiqu/
110,安徽,淮上,/huaishangqu/
111,安徽,蚌山,/bengshanqu/
112,安徽,亳州,/bozhou2/
113,安徽,涡阳,/guoyang/
114,安徽,利辛,/lixin/
115,安徽,蒙城,/mengcheng/
116,安徽,谯城,/qiaochengqu/
117,安徽,巢湖,/chaohu/
118,安徽,庐江,/lujiang/
119,安徽,无为,/wuwei1/
120,安徽,含山,/hanshan/
121,安徽,和县,/hexian/
122,安徽,池州,/chizhou/
123,安徽,东至,/dongzhi/
124,安徽,青阳,/qingyang1/
125,安徽,九华山,/jiuhuashan/
126,安徽,石台,/shitai/
127,安徽,贵池,/guichiqu/
128,安徽,滁州,/chuzhou1/
129,安徽,凤阳,/fengyang/
130,安徽,明光,/mingguang/
131,安徽,定远,/dingyuan/
132,安徽,全椒,/quanjiao/
133,安徽,来安,/laian/
134,安徽,天长,/tianchang/
135,安徽,琅琊,/langyaqu/
136,安徽,南谯,/nanqiaoqu/
137,安徽,阜阳,/fuyang1/
138,安徽,阜南,/funan/
139,安徽,颍上,/yingshang/
140,安徽,临泉,/linquan/
141,安徽,界首,/jieshou/
142,安徽,太和,/taihe/
143,安徽,颍州,/yingzhouqu/
144,安徽,颍泉,/yingquanqu/
145,安徽,颍东,/yingdongqu/
146,安徽,合肥,/hefei/
147,安徽,长丰,/changfeng/
148,安徽,肥东,/feidong/
149,安徽,肥西,/feixi/
150,安徽,庐阳,/luyang/
151,安徽,居巢,/juchaoqu/
152,安徽,瑶海,/yaohai/
153,安徽,包河,/baohequ/
154,安徽,蜀山,/shushanqu/
155,安徽,淮北,/huaibei/
156,安徽,濉溪,/suixi/
157,安徽,烈山,/lieshan/
158,安徽,杜集,/dujiqu/
159,安徽,相山,/xiangshanqu/
160,安徽,淮南,/huainan/
161,安徽,凤台,/fengtai1/
162,安徽,潘集,/panji/
163,安徽,大通,/datongqu/
164,安徽,谢家集,/xiejiajiqu/
165,安徽,田家庵,/tianjiaanqu/
166,安徽,八公山,/bagong-mountainqu/
167,安徽,黄山,/huangshan/
168,安徽,黄山区,/huangshanqu/
169,安徽,屯溪,/tunxi/
170,安徽,祁门,/qimen/
171,安徽,黟县,/yixian2/
172,安徽,歙县,/shexian2/
173,安徽,休宁,/xiuning/
174,安徽,黄山风景,/huangshanfengjingqu/
175,安徽,徽州,/huizhouqu/
176,安徽,六安,/luan/
177,安徽,霍邱,/huoqiu/
178,安徽,寿县,/shouxian/
179,安徽,叶集,/yejiqu/
180,安徽,金寨,/jinzhai/
181,安徽,霍山,/huoshan/
182,安徽,舒城,/shucheng/
183,安徽,裕安,/yuan/
184,安徽,金安,/jinanqu/
185,安徽,马鞍山,/maanshan/
186,安徽,当涂,/dangtu/
187,安徽,雨山,/yushanqu/
188,安徽,金家庄,/jinjiazhuangqu/
189,安徽,花山,/huashanqu/
190,安徽,博望,/bowang/
191,安徽,宿州,/suzhou1/
192,安徽,砀山,/dangshan/
193,安徽,灵璧,/lingbi/
194,安徽,泗县,/sixian/
195,安徽,萧县,/xiaoxian/
196,安徽,埇桥,/yongqiaoqu/
197,安徽,铜陵,/tongling/
198,安徽,铜官山,/tongguanshanqu/
199,安徽,狮子山,/shizishanqu/
200,安徽,铜陵,/tonglingjiaoqu/
201,安徽,铜官,/tongguanqu/
202,安徽,义安,/yianqu/
203,安徽,芜湖,/wuhu/
204,安徽,繁昌,/fanchang/
205,安徽,芜湖,/wuhuxian/
206,安徽,南陵,/nanling/
207,安徽,鸠江,/jiujiangqu/
208,安徽,镜湖,/jinghuqu/
209,安徽,弋江,/yijiangqu/
210,安徽,三山,/sanshanqu/
211,安徽,宣城,/xuancheng/
212,安徽,泾县,/jingxian1/
213,安徽,旌德,/jingde/
214,安徽,宁国,/ningguo/
215,安徽,绩溪,/jixi1/
216,安徽,广德,/guangde/
217,安徽,郎溪,/langxi/
218,安徽,宣州,/xuanzhouqu/
219,福建,钓鱼岛,/diaoyudao/
220,福建,福州,/fuzhou/
221,福建,闽清,/minqing/
222,福建,闽侯,/minhou/
223,福建,罗源,/luoyuan/
224,福建,连江,/lianjiang/
225,福建,永泰,/yongtai/
226,福建,平潭,/pingtan/
227,福建,长乐,/changle1/
228,福建,福清,/fuqing/
229,福建,晋安,/jinan1/
230,福建,仓山,/cangshanqu/
231,福建,台江,/taijiangqu/
232,福建,马尾,/maweiqu/
233,福建,龙岩,/longyan/
234,福建,长汀,/changting/
235,福建,连城,/liancheng/
236,福建,武平,/wuping/
237,福建,上杭,/shanghang/
238,福建,永定,/yongding/
239,福建,漳平,/zhangping/
240,福建,新罗,/xinluoqu/
241,福建,南平,/nanping/
242,福建,顺昌,/shunchang/
243,福建,光泽,/guangze/
244,福建,邵武,/shaowu/
245,福建,武夷山,/wuyishan/
246,福建,浦城,/pucheng1/
247,福建,建阳,/jianyang/
248,福建,松溪,/songxi/
249,福建,政和,/zhenghe/
250,福建,建瓯,/jianou/
251,福建,延平,/yanping/
252,福建,宁德,/ningde/
253,福建,古田,/gutian/
254,福建,霞浦,/xiapu/
255,福建,寿宁,/shouning/
256,福建,周宁,/zhouning/
257,福建,福安,/fuan/
258,福建,柘荣,/zherong/
259,福建,福鼎,/fuding/
260,福建,屏南,/pingnan/
261,福建,蕉城,/jiaochengqu/
262,福建,莆田,/putian/
263,福建,仙游,/xianyou/
264,福建,秀屿港,/xiuyugang/
265,福建,涵江,/hanjiang/
266,福建,秀屿,/xiuyu/
267,福建,荔城,/licheng1/
268,福建,城厢,/chengxiang/
269,福建,泉州,/quanzhou/
270,福建,安溪,/anxi/
271,福建,永春,/yongchun/
272,福建,德化,/dehua/
273,福建,南安,/nanan/
274,福建,崇武,/chongwu/
275,福建,惠安,/huian/
276,福建,晋江,/jinjiang/
277,福建,石狮,/shishi/
278,福建,鲤城,/lichengqu/
279,福建,丰泽,/fengzequ/
280,福建,泉港,/quangangqu/
281,福建,洛江,/luojiangqu1/
282,福建,金门,/jinmen/
283,福建,三明,/sanming/
284,福建,宁化,/ninghua/
285,福建,清流,/qingliu/
286,福建,泰宁,/taining/
287,福建,将乐,/jiangle/
288,福建,建宁,/jianning/
289,福建,明溪,/mingxi/
290,福建,沙县,/shaxian1/
291,福建,尤溪,/youxi/
292,福建,永安,/yongan/
293,福建,大田,/datian/
294,福建,三元,/sanyuanqu/
295,福建,梅列,/meiliequ/
296,福建,厦门,/xiamen/
297,福建,同安,/tongan/
298,福建,集美,/jimeiqu/
299,福建,湖里,/huli/
300,福建,海沧,/haicangqu/
301,福建,思明,/simingqu/
302,福建,翔安,/xianganqu/
303,福建,漳州,/zhangzhou/
304,福建,长泰,/changtai/
305,福建,南靖,/nanjing2/
306,福建,平和,/pinghe/
307,福建,龙海,/longhai/
308,福建,漳浦,/zhangpu/
309,福建,诏安,/zhaoan/
310,福建,东山,/dongshan/
311,福建,云霄,/yunxiao/
312,福建,华安,/huaan/
313,福建,龙文,/longwen/
314,福建,芗城,/zhangzhouxiangcheng/
315,甘肃,白银,/baiyin/
316,甘肃,靖远,/jingyuan/
317,甘肃,会宁,/huining/
318,甘肃,平川,/pingchuan/
319,甘肃,景泰,/jingtai/
320,甘肃,白银区,/baiyinqu/
321,甘肃,定西,/dingxi/
322,甘肃,通渭,/tongwei/
323,甘肃,陇西,/longxi/
324,甘肃,渭源,/weiyuan/
325,甘肃,临洮,/lintao/
326,甘肃,漳县,/zhangxian/
327,甘肃,岷县,/minxian/
328,甘肃,安定,/anding/
329,甘肃,甘南州,/gannan/
330,甘肃,合作,/hezuo/
331,甘肃,临潭,/lintan/
332,甘肃,卓尼,/zhuoni/
333,甘肃,舟曲,/zhouqu/
334,甘肃,迭部,/diebu/
335,甘肃,玛曲,/maqu/
336,甘肃,碌曲,/luqu/
337,甘肃,夏河,/xiahe/
338,甘肃,嘉峪关,/jiayuguan/
339,甘肃,金昌,/jinchang/
340,甘肃,永昌,/yongchang/
341,甘肃,金川,/jinchuanqu/
342,甘肃,酒泉,/jiuquan/
343,甘肃,金塔,/jinta/
344,甘肃,阿克塞,/akesai/
345,甘肃,瓜州,/guazhou/
346,甘肃,肃北,/subei/
347,甘肃,玉门,/yumen/
348,甘肃,敦煌,/dunhuang/
349,甘肃,肃州,/suzhouqu/
350,甘肃,兰州,/lanzhou/
351,甘肃,皋兰,/gaolan/
352,甘肃,永登,/yongdeng/
353,甘肃,榆中,/yuzhong/
354,甘肃,城关,/chengguan/
355,甘肃,七里河,/qilihe/
356,甘肃,西固,/xiguqu/
357,甘肃,安宁,/anningqu/
358,甘肃,红古,/honggu/
359,甘肃,临夏州,/linxia/
360,甘肃,康乐,/kangle/
361,甘肃,永靖,/yongjing/
362,甘肃,广河,/guanghe/
363,甘肃,和政,/hezheng/
364,甘肃,东乡族,/dongxiang/
365,甘肃,积石山,/jishishan/
366,甘肃,临夏县,/linxiaxian/
367,甘肃,陇南,/longnan1/
368,甘肃,武都,/wudu/
369,甘肃,成县,/chengxian/
370,甘肃,文县,/wenxian/
371,甘肃,宕昌,/dangchang/
372,甘肃,康县,/kangxian/
373,甘肃,西和,/xihe/
374,甘肃,礼县,/lixian1/
375,甘肃,徽县,/huixian/
376,甘肃,两当,/liangdang/
377,甘肃,平凉,/pingliang/
378,甘肃,泾川,/jingchuan/
379,甘肃,灵台,/lingtai/
380,甘肃,崇信,/chongxin/
381,甘肃,华亭,/huating/
382,甘肃,庄浪,/zhuanglang/
383,甘肃,静宁,/jingning/
384,甘肃,崆峒,/kongtong/
385,甘肃,庆阳,/qingyang/
386,甘肃,西峰,/xifeng1/
387,甘肃,环县,/huanxian/
388,甘肃,华池,/huachi/
389,甘肃,合水,/heshui/
390,甘肃,正宁,/zhengning/
391,甘肃,宁县,/ningxian/
392,甘肃,镇原,/zhenyuan/
393,甘肃,庆城,/qingcheng/
394,甘肃,天水,/tianshui/
395,甘肃,清水,/qingshui/
396,甘肃,秦安,/qinan/
397,甘肃,甘谷,/gangu/
398,甘肃,武山,/wushan1/
399,甘肃,张家川,/zhangjiachuan/
400,甘肃,麦积,/maiji/
401,甘肃,秦州,/qinzhouqu/
402,甘肃,武威,/wuwei/
403,甘肃,民勤,/minqin/
404,甘肃,古浪,/gulang/
405,甘肃,天祝,/tianzhu/
406,甘肃,凉州,/liangzhouqu/
407,甘肃,张掖,/zhangye/
408,甘肃,肃南,/sunan/
409,甘肃,民乐,/minle/
410,甘肃,临泽,/linze/
411,甘肃,高台,/gaotai/
412,甘肃,山丹,/shandan/
413,甘肃,甘州,/ganzhouqu/
414,广东,潮州,/chaozhou/
415,广东,饶平,/raoping/
416,广东,潮安,/chaoan/
417,广东,湘桥,/xiangqiaoqu/
418,广东,东莞,/dongguan/
419,广东,佛山,/foshan/
420,广东,顺德,/shunde/
421,广东,三水,/sanshui/
422,广东,南海,/nanhai/
423,广东,高明,/gaoming/
424,广东,禅城,/chanchengqu/
425,广东,广州,/guangzhou/
426,广东,番禺,/panyu/
427,广东,从化,/conghua/
428,广东,增城,/zengcheng/
429,广东,花都,/huadu/
430,广东,萝岗,/luogang/
431,广东,荔湾,/liwan/
432,广东,越秀,/yuexiuqu/
433,广东,黄埔,/huangpuqu/
434,广东,海珠,/haizhuqu/
435,广东,天河,/tianhequ/
436,广东,南沙,/nanshaqu/
437,广东,白云,/baiyun/
438,广东,河源,/heyuan/
439,广东,紫金,/zijin/
440,广东,连平,/lianping/
441,广东,和平,/heping/
442,广东,龙川,/longchuan/
443,广东,东源,/dongyuan/
444,广东,源城,/yuanchengqu/
445,广东,惠州,/huizhou/
446,广东,博罗,/boluo/
447,广东,惠阳,/huiyang/
448,广东,惠东,/huidongxian/
449,广东,龙门,/longmen/
450,广东,惠城,/huichengqu/
451,广东,江门,/jiangmen/
452,广东,开平,/kaiping/
453,广东,新会,/xinhui/
454,广东,恩平,/enping/
455,广东,台山,/taishan/
456,广东,蓬江,/pengjiang/
457,广东,鹤山,/heshan/
458,广东,江海,/jianghai/
459,广东,揭阳,/jieyang/
460,广东,揭西,/jiexi/
461,广东,普宁,/puning/
462,广东,惠来,/huilai/
463,广东,揭东,/jiedong/
464,广东,榕城,/rongchengqu/
465,广东,茂名,/maoming/
466,广东,高州,/gaozhou/
467,广东,化州,/huazhou/
468,广东,电白,/dianbai/
469,广东,信宜,/xinyishi/
470,广东,茂港,/maogang/
471,广东,茂南,/maonanqu/
472,广东,梅州,/meizhou/
473,广东,兴宁,/xingningshi/
474,广东,蕉岭,/jiaoling/
475,广东,大埔,/dabu/
476,广东,丰顺,/fengshun/
477,广东,平远,/pingyuanxian/
478,广东,五华,/wuhua/
479,广东,梅县,/meixian1/
480,广东,梅江,/meijiangqu/
481,广东,清远,/qingyuan3/
482,广东,连南,/liannan/
483,广东,连州,/lianzhou/
484,广东,连山,/lianshan/
485,广东,阳山,/yangshan/
486,广东,佛冈,/fogang/
487,广东,英德,/yingde/
488,广东,清新,/qingxin/
489,广东,清城,/qingchengqu/
490,广东,汕头,/shantou/
491,广东,潮阳,/chaoyang2/
492,广东,澄海,/chenghai/
493,广东,南澳,/nanao/
494,广东,龙湖,/longhu/
495,广东,金平,/jinpingqu/
496,广东,濠江,/haojiangqu/
497,广东,潮南,/chaonanqu/
498,广东,汕尾,/shanwei/
499,广东,海丰,/haifeng/
500,广东,陆丰,/lufeng/
501,广东,陆河,/luhe/
502,广东,城区,/chengqu/
503,广东,韶关,/shaoguan/
504,广东,乳源,/ruyuan/
505,广东,始兴,/shixing/
506,广东,翁源,/wengyuan/
507,广东,乐昌,/lechang/
508,广东,仁化,/renhua/
509,广东,南雄,/nanxiong/
510,广东,新丰,/xinfengxian/
511,广东,曲江,/qujiang/
512,广东,浈江,/zhenjiang1/
513,广东,武江,/wujiang1/
514,广东,深圳,/shenzhen/
515,广东,罗湖,/luohu/
516,广东,龙岗,/longgang/
517,广东,盐田,/yantianqu/
518,广东,南山,/nanshanqu/
519,广东,福田,/futianqu/
520,广东,宝安,/baoanqu/
521,广东,龙华,/longhuaqu/
522,广东,坪山,/pingshan1/
523,广东,光明,/guangming/
524,广东,阳江,/yangjiang/
525,广东,阳春,/yangchun/
526,广东,阳东,/yangdong/
527,广东,阳西,/yangxi/
528,广东,江城,/jiangchengqu/
529,广东,云浮,/yunfu/
530,广东,罗定,/luoding/
531,广东,新兴,/xinxing/
532,广东,郁南,/yunan/
533,广东,云安,/yunan1/
534,广东,云城,/yunchengqu/
535,广东,湛江,/zhanjiang/
536,广东,吴川,/wuchuanshi/
537,广东,雷州,/leizhou/
538,广东,徐闻,/xuwen/
539,广东,廉江,/lianjiangshi/
540,广东,赤坎,/chikan/
541,广东,遂溪,/suixixian/
542,广东,坡头,/potou/
543,广东,霞山,/xiashan/
544,广东,麻章,/mazhang/
545,广东,肇庆,/zhaoqing/
546,广东,广宁,/guangning/
547,广东,四会,/sihui/
548,广东,德庆,/deqingxian/
549,广东,怀集,/huaiji/
550,广东,封开,/fengkai/
551,广东,高要,/gaoyao/
552,广东,端州,/duanzhouqu/
553,广东,鼎湖,/dinghuqu/
554,广东,中山,/zhongshan/
555,广东,珠海,/zhuhai/
556,广东,斗门,/doumen/
557,广东,金湾,/jinwan/
558,广东,香洲,/xiangzhouqu/
559,广西,百色,/baise/
560,广西,那坡,/napo/
561,广西,田阳,/tianyang/
562,广西,德保,/debao/
563,广西,靖西,/jingxishi/
564,广西,田东,/tiandongxian/
565,广西,平果,/pingguoxian/
566,广西,隆林,/longlin/
567,广西,西林,/xilinxian/
568,广西,乐业,/leye/
569,广西,凌云,/lingyunxian/
570,广西,田林,/tianlinxian/
571,广西,右江,/youjiang/
572,广西,隆林各族,/longlinqu/
573,广西,北海,/beihai/
574,广西,合浦,/hepu/
575,广西,涠洲岛,/weizhoudao/
576,广西,银海,/yinhai/
577,广西,铁山港,/tieshangang/
578,广西,海城,/hai cheng/
579,广西,崇左,/chongzuo/
580,广西,天等,/tiandeng/
581,广西,龙州,/longzhou/
582,广西,凭祥,/pingxiangshi/
583,广西,大新,/daxin/
584,广西,扶绥,/fusui/
585,广西,宁明,/ningming/
586,广西,江州,/jiangzhou/
587,广西,江州,/jaingzhou/
588,广西,防城港,/fangchenggang/
589,广西,上思,/shangsi/
590,广西,东兴,/dongxingshi/
591,广西,防城,/fangchengqu/
592,广西,港口,/gangkou/
593,广西,贵港,/guigang/
594,广西,桂平,/guipingshi/
595,广西,平南,/pingnanxian/
596,广西,港北,/gangbei/
597,广西,港南,/gangnan/
598,广西,覃塘,/tantangqu/
599,广西,桂林,/guilin/
600,广西,龙胜,/longsheng/
601,广西,永福,/yongfu/
602,广西,临桂,/linguiqu/
603,广西,兴安,/xinganxian/
604,广西,灵川,/lingchuanxian/
605,广西,全州,/quanzhouxian/
606,广西,灌阳,/guanyang/
607,广西,阳朔,/yangshuo/
608,广西,恭城,/gongcheng/
609,广西,平乐,/pingle/
610,广西,荔浦,/lipu/
611,广西,资源,/ziyuan/
612,广西,秀峰,/xiufeng/
613,广西,叠彩,/diecai/
614,广西,七星,/qixing/
615,广西,雁山,/yanshanqu/
616,广西,龙胜各族,/longshenggezuzizhixian/
617,广西,恭城瑶族,/gongchengqu/
618,广西,桂林象山,/guilinxiangshan/
619,广西,河池,/hechi/
620,广西,天峨,/tiane/
621,广西,东兰,/donglan/
622,广西,巴马,/bama/
623,广西,环江,/huanjiang/
624,广西,罗城,/luocheng/
625,广西,宜州,/yizhoushi/
626,广西,凤山,/fengshan/
627,广西,南丹,/nandan/
628,广西,都安,/andu/
629,广西,大化,/dahua/
630,广西,金城江,/jinchengjiang/
631,广西,贺州,/hezhou/
632,广西,昭平,/zhaoping/
633,广西,富川,/fuchuan/
634,广西,钟山,/zhongshanxian/
635,广西,八步,/babu/
636,广西,平桂区,/pingguiqu/
637,广西,昭平,/zhaopingqu/
638,广西,都安瑶族,/duan/
639,广西,平桂,/pinggui/
640,广西,来宾,/laibin/
641,广西,忻城,/xicheng/
642,广西,金秀,/jinxiu/
643,广西,象州,/xiangzhou/
644,广西,武宣,/wuxuan/
645,广西,合山,/heshanshi/
646,广西,兴宾,/xingbin/
647,广西,柳州,/liuzhou/
648,广西,柳城,/liucheng/
649,广西,鹿寨,/luzhai/
650,广西,柳江,/liujiangqu/
651,广西,融安,/rongan/
652,广西,融水,/rongshuixian/
653,广西,三江,/sanjiang/
654,广西,城中,/chengzhongqu/
655,广西,鱼峰,/yufengqu/
656,广西,柳南,/liunanqu/
657,广西,柳北,/liubeiqu/
658,广西,南宁,/nanning/
659,广西,兴宁,/xingning/
660,广西,邕宁,/yongningqu/
661,广西,横县,/hengxian/
662,广西,隆安,/longan/
663,广西,马山,/mashan/
664,广西,上林,/shanglin/
665,广西,武鸣,/wumingqu/
666,广西,宾阳,/binyang/
667,广西,青秀,/qingxiu/
668,广西,西乡塘,/xixiangtang/
669,广西,良庆,/liangqing/
670,广西,江南,/jiangnan/
671,广西,钦州,/qinzhou/
672,广西,浦北县,/pubeixian/
673,广西,灵山,/lingshan/
674,广西,钦南,/qinnan/
675,广西,钦北,/qinbei/
676,广西,浦北,/pubei/
677,广西,梧州,/wuzhou/
678,广西,藤县,/tengxian/
679,广西,苍梧,/cangwu/
680,广西,蒙山,/mengshan/
681,广西,岑溪,/cenxishi/
682,广西,长洲,/changzhouqu/
683,广西,万秀,/wanxiuqu/
684,广西,龙圩,/longweiqu/
685,广西,玉林,/yulin1/
686,广西,博白,/bobai/
687,广西,北流,/beiliushi/
688,广西,容县,/rongxian/
689,广西,陆川,/luchuanxian/
690,广西,兴业,/xingye/
691,广西,玉州,/yuzhouqu/
692,广西,福绵,/fumian/
693,贵州,安顺,/anshun/
694,贵州,普定,/puding/
695,贵州,镇宁,/zhenning/
696,贵州,平坝,/pingba/
697,贵州,紫云,/ziyun/
698,贵州,关岭,/guanling/
699,贵州,西秀,/xixiuqu/
700,贵州,毕节,/bijie/
701,贵州,赫章,/hezhang/
702,贵州,金沙,/jinsha/
703,贵州,威宁,/weining/
704,贵州,大方,/dafang/
705,贵州,纳雍,/nayong/
706,贵州,织金,/zhijin/
707,贵州,黔西,/qianxi1/
708,贵州,七星关,/qixingguan/
709,贵州,贵阳,/guiyang1/
710,贵州,白云,/guiyangbaiyun/
711,贵州,花溪,/huaxi/
712,贵州,乌当,/wudang/
713,贵州,息烽,/xifeng2/
714,贵州,开阳,/kaiyang/
715,贵州,修文,/xiuwen/
716,贵州,清镇,/qingzhen/
717,贵州,小河,/xiaohe/
718,贵州,云岩,/yunyan/
719,贵州,南明,/nanming/
720,贵州,观山湖,/guanshanhu/
721,贵州,六盘水,/liupanshui/
722,贵州,水城,/shuicheng/
723,贵州,六枝,/liuzhi/
724,贵州,盘县,/panxian/
725,贵州,钟山,/zhongshanqu/
726,贵州,黔东南,/qiandongnan/
727,贵州,凯里,/kaili/
728,贵州,岑巩,/cengong/
729,贵州,施秉,/shibing/
730,贵州,镇远,/zhenyuan1/
731,贵州,黄平,/huangping/
732,贵州,麻江,/majiang/
733,贵州,丹寨,/danzhai/
734,贵州,三穗,/sansui/
735,贵州,台江,/taijiang/
736,贵州,剑河,/jianhe/
737,贵州,雷山,/leishan/
738,贵州,黎平,/liping/
739,贵州,天柱,/tianzhu1/
740,贵州,锦屏,/jinping/
741,贵州,榕江,/rongjiang/
742,贵州,从江,/congjiang/
743,贵州,黔南州,/qiannan/
744,贵州,都匀,/duyun/
745,贵州,贵定,/guiding/
746,贵州,瓮安,/wengan/
747,贵州,长顺,/changshun/
748,贵州,福泉,/fuquan/
749,贵州,惠水,/huishui/
750,贵州,龙里,/longli/
751,贵州,罗甸,/luodian/
752,贵州,平塘,/pingtang/
753,贵州,独山,/dushan/
754,贵州,三都,/sandu/
755,贵州,荔波,/libo/
756,贵州,黔西南,/qianxinan/
757,贵州,兴义,/xingyi1/
758,贵州,晴隆,/qinglong1/
759,贵州,兴仁,/xingren/
760,贵州,贞丰,/zhenfeng/
761,贵州,望谟,/wangmo/
762,贵州,安龙,/anlong/
763,贵州,册亨,/ceheng/
764,贵州,普安,/puan/
765,贵州,铜仁,/tongren/
766,贵州,江口,/jiangkou/
767,贵州,玉屏,/yuping/
768,贵州,万山,/wanshan/
769,贵州,思南,/sinan/
770,贵州,印江,/yinjiang/
771,贵州,石阡,/shiqian/
772,贵州,沿河,/yanhe/
773,贵州,德江,/dejiang/
774,贵州,松桃,/songtao/
775,贵州,遵义,/zunyi/
776,贵州,碧江,/bijiangqu/
777,贵州,仁怀,/renhuai/
778,贵州,绥阳,/suiyang/
779,贵州,湄潭,/meitan/
780,贵州,凤冈,/fenggang/
781,贵州,桐梓,/tongzi/
782,贵州,赤水,/chishui/
783,贵州,习水,/xishui1/
784,贵州,道真,/daozhen/
785,贵州,正安,/zhengan/
786,贵州,务川,/wuchuan1/
787,贵州,余庆,/yuqing/
788,贵州,汇川,/huichuan/
789,贵州,红花岗,/honghuagang/
790,贵州,播州,/bozhouqu/
791,海南,白沙,/baisha/
792,海南,保亭黎族苗族,/baotinglizumiaozu/
793,海南,昌江,/changjiang/
794,海南,澄迈,/chengmai/
795,海南,儋州,/danzhou/
796,海南,洋浦,/yangpu/
797,海南,定安,/dingan/
798,海南,东方,/dongfang/
799,海南,海口,/haikou/
800,海南,琼山,/qiongshan/
801,海南,龙华,/longhua1/
802,海南,秀英,/xiuying/
803,海南,美兰,/meilan/
804,海南,乐东黎族,/ledong/
805,海南,临高,/lingao/
806,海南,陵水,/lingshui/
807,海南,南沙岛,/nanshadao/
808,海南,琼海,/qionghai/
809,海南,琼中,/qiongzhong/
810,海南,三沙,/sansha/
811,海南,三亚,/sanya/
812,海南,海棠,/haitangqu/
813,海南,吉阳,/jiyangqu/
814,海南,天涯,/tianyaqu/
815,海南,崖州,/yazhouqu/
816,海南,屯昌,/tunchang/
817,海南,万宁,/wanning/
818,海南,文昌,/wenchang/
819,海南,五指山,/wuzhishan/
820,海南,西沙,/xisha/
821,河北,保定,/baoding/
822,河北,满城,/mancheng/
823,河北,阜平,/fuping/
824,河北,徐水,/xushui/
825,河北,唐县,/tangxian/
826,河北,高阳,/gaoyang/
827,河北,容城,/rongcheng/
828,河北,莲池,/lianchi/
829,河北,涞源,/laiyuan/
830,河北,望都,/wangdu/
831,河北,安新,/anxin/
832,河北,易县,/yixian1/
833,河北,曲阳,/quyang/
834,河北,蠡县,/lixian/
835,河北,顺平,/shunping/
836,河北,雄县,/xiongxian/
837,河北,涿州,/zhuozhou/
838,河北,定州,/dingzhou/
839,河北,安国,/anguo/
840,河北,高碑店,/gaobeidian/
841,河北,涞水,/laishui/
842,河北,定兴,/dingxing/
843,河北,清苑,/qingyuan1/
844,河北,博野,/boye/
845,河北,竞秀,/jingxiu/
846,河北,北市,/beishiqu/
847,河北,南市,/nanshiqu/
848,河北,沧州,/cangzhou/
849,河北,青县,/qingxian/
850,河北,东光,/dongguang/
851,河北,海兴,/haixing/
852,河北,盐山,/yanshan/
853,河北,肃宁,/suning/
854,河北,南皮,/nanpi/
855,河北,吴桥,/wuqiao/
856,河北,献县,/xianxian/
857,河北,孟村,/mengcun/
858,河北,泊头,/botou/
859,河北,任丘,/renqiu/
860,河北,黄骅,/huanghua/
861,河北,河间,/hejian/
862,河北,沧县,/cangxian/
863,河北,沧州新华,/cangzhouxinhuaqu/
864,河北,运河,/yunhequ/
865,河北,承德,/chengde/
866,河北,承德县,/chengdexian/
867,河北,兴隆,/xinglong/
868,河北,平泉,/pingquan/
869,河北,滦平,/luanping/
870,河北,隆化,/longhua/
871,河北,丰宁,/fengning/
872,河北,宽城满族,/kuanchengmanzu/
873,河北,围场,/weichang/
874,河北,双桥,/shuangqiaoqu/
875,河北,双滦,/shuangluanqu/
876,河北,鹰手营子矿,/yingshouying/
877,河北,邯郸,/handan/
878,河北,邯郸,/handan/
879,河北,峰峰,/fengfeng/
880,河北,临漳,/linzhang/
881,河北,成安,/chengan/
882,河北,大名,/daming/
883,河北,涉县,/shexian/
884,河北,磁县,/cixian/
885,河北,肥乡,/feixiang/
886,河北,永年,/yongnian/
887,河北,邱县,/qiuxian/
888,河北,鸡泽,/jize/
889,河北,广平,/guangping/
890,河北,馆陶,/guantao/
891,河北,魏县,/weixian/
892,河北,曲周,/quzhou/
893,河北,武安,/wuan/
894,河北,邯山,/hanshanqu/
895,河北,丛台,/congtaiqu/
896,河北,复兴,/fuxingqu/
897,河北,衡水,/hengshui/
898,河北,枣强,/zaoqiang/
899,河北,武邑,/wuyi/
900,河北,武强,/wuqiang/
901,河北,饶阳,/raoyang/
902,河北,安平,/anping/
903,河北,故城,/gucheng/
904,河北,景县,/jingxian/
905,河北,阜城,/fucheng/
906,河北,冀州,/jizhou/
907,河北,深州,/shenzhou/
908,河北,桃城,/taochengqu/
909,河北,廊坊,/langfang/
910,河北,固安,/guan/
911,河北,永清,/yongqing/
912,河北,香河,/xianghe/
913,河北,大城,/dacheng/
914,河北,文安,/wenan/
915,河北,大厂,/dachang/
916,河北,霸州,/bazhou/
917,河北,三河,/sanhe/
918,河北,秦皇岛,/qinhuangdao/
919,河北,青龙,/qinglong/
920,河北,昌黎,/changli/
921,河北,抚宁,/funing/
922,河北,卢龙,/lulong/
923,河北,北戴河,/beidaihe/
924,河北,海港,/haigangqu/
925,河北,山海关,/shanhaiguanqu/
926,河北,石家庄,/shijiazhuang/
927,河北,井陉,/jingxing/
928,河北,正定,/zhengding/
929,河北,栾城,/luancheng/
930,河北,行唐,/xingtang/
931,河北,灵寿,/lingshou/
932,河北,高邑,/gaoyi/
933,河北,深泽,/shenze/
934,河北,赞皇,/zanhuang/
935,河北,无极,/wuji/
936,河北,平山,/pingshan/
937,河北,元氏,/yuanshi/
938,河北,赵县,/zhaoxian/
939,河北,辛集,/xinji/
940,河北,藁城,/gaocheng/
941,河北,晋州,/jinzhou2/
942,河北,新乐,/xinle/
943,河北,鹿泉,/luquan1/
944,河北,长安,/changanqu/
945,河北,石家庄桥东,/shijiazhuangqiaodongqu/
946,河北,桥西,/qiaoxiqu/
947,河北,新华,/xinhuaqu/
948,河北,井陉矿,/jingxingkuangqu/
949,河北,裕华,/yuhuaqu/
950,河北,唐山,/tangshan/
951,河北,丰南,/fengnan/
952,河北,丰润,/fengrun/
953,河北,滦县,/luanxian/
954,河北,滦南,/luannan/
955,河北,乐亭,/laoting/
956,河北,迁西,/qianxi/
957,河北,玉田,/yutian/
958,河北,唐海,/tanghai/
959,河北,遵化,/zunhua/
960,河北,迁安,/qianan1/
961,河北,曹妃甸,/caofeidian/
962,河北,京唐港,/jingtanggang/
963,河北,路南,/lunan/
964,河北,古冶,/guyequ/
965,河北,开平,/kaipingqu/
966,河北,路北,/lubei/
967,河北,,
968,河北,邢台,/xingtai/
969,河北,临城,/lincheng/
970,河北,内丘,/neiqiu/
971,河北,柏乡,/baixiang/
972,河北,隆尧,/longyao/
973,河北,南和,/nanhe/
974,河北,宁晋,/ningjin/
975,河北,巨鹿,/julu/
976,河北,新河,/xinhe/
977,河北,广宗,/guangzong/
978,河北,平乡,/pingxiang/
979,河北,威县,/weixian1/
980,河北,清河,/qinghe/
981,河北,临西,/linxi1/
982,河北,南宫,/nangong/
983,河北,沙河,/shahe/
984,河北,任县,/renxian/
985,河北,桥东,/qiaodongqu/
986,河北,信都区,/xingtaiqiaoxiqu/
987,河北,张家口,/zhangjiakou/
988,河北,宣化,/xuanhua/
989,河北,张北,/zhangbei/
990,河北,康保,/kangbao/
991,河北,沽源,/guyuan/
992,河北,尚义,/shangyi/
993,河北,蔚县,/yuxian1/
994,河北,阳原,/yangyuan/
995,河北,怀安,/huaian/
996,河北,万全,/wanquan/
997,河北,怀来,/huailai/
998,河北,涿鹿,/zhuolu/
999,河北,赤城,/chicheng/
1000,河北,崇礼,/chongli/
1001,河北,张家口桥东,/zhangjiakouqiaodong/
1002,河北,张家口桥西,/zhangjiakouqiaoxiqu/
1003,河北,下花园,/xiahuayuanqu/
1004,黑龙江,大庆,/daqing/
1005,黑龙江,林甸,/lindian/
1006,黑龙江,肇州,/zhaozhou/
1007,黑龙江,肇源,/zhaoyuan/
1008,黑龙江,杜尔伯特,/duerbote/
1009,黑龙江,萨尔图,/saertuqu/
1010,黑龙江,龙凤,/longfengqu/
1011,黑龙江,让胡路,/ranghuluqu/
1012,黑龙江,红岗,/honggangqu/
1013,黑龙江,大同,/daqingdatong/
1014,黑龙江,大兴安岭,/daxinganling/
1015,黑龙江,塔河,/tahe/
1016,黑龙江,漠河,/mohe/
1017,黑龙江,呼玛,/huma/
1018,黑龙江,新林,/xinlin/
1019,黑龙江,加格达奇,/jiagedaqi/
1020,黑龙江,哈尔滨,/haerbin/
1021,黑龙江,双城,/shuangcheng/
1022,黑龙江,呼兰,/hulan/
1023,黑龙江,阿城,/acheng/
1024,黑龙江,宾县,/binxian/
1025,黑龙江,依兰,/yilan/
1026,黑龙江,巴彦,/bayan/
1027,黑龙江,通河,/tonghe/
1028,黑龙江,方正,/fangzheng/
1029,黑龙江,延寿,/yanshou/
1030,黑龙江,尚志,/shangzhi/
1031,黑龙江,五常,/wuchang/
1032,黑龙江,木兰,/mulan/
1033,黑龙江,道外,/daowaiqu/
1034,黑龙江,道里,/daoliqu/
1035,黑龙江,香坊,/xiangfangqu/
1036,黑龙江,松北,/songbeiqu/
1037,黑龙江,平房,/pingfangqu/
1038,黑龙江,南岗,/nangangqu/
1039,黑龙江,鹤岗,/hegang/
1040,黑龙江,绥滨,/suibin/
1041,黑龙江,萝北,/luobei/
1042,黑龙江,南山,/hegangnansanqu/
1043,黑龙江,向阳,/hegangxiangyang/
1044,黑龙江,东山,/dongshanqu/
1045,黑龙江,兴山,/xingshanqu/
1046,黑龙江,兴安,/xinganqu/
1047,黑龙江,工农,/gongnongqu/
1048,黑龙江,黑河,/heihe/
1049,黑龙江,嫩江,/nenjiang/
1050,黑龙江,孙吴,/sunwu/
1051,黑龙江,逊克,/xunke/
1052,黑龙江,五大连池,/wudalianchi/
1053,黑龙江,北安,/beian/
1054,黑龙江,爱辉,/aihui/
1055,黑龙江,佳木斯,/jiamusi/
1056,黑龙江,汤原,/tangyuan/
1057,黑龙江,抚远,/fuyuan/
1058,黑龙江,桦川,/huachuan/
1059,黑龙江,桦南,/huanan/
1060,黑龙江,同江,/tongjiang/
1061,黑龙江,富锦,/fujin/
1062,黑龙江,向阳区,/xiangyangqu/
1063,黑龙江,前进,/qianjinqu/
1064,黑龙江,东风,/dongfengqu/
1065,黑龙江,鸡西,/jixi/
1066,黑龙江,虎林,/hulin/
1067,黑龙江,密山,/mishan/
1068,黑龙江,鸡东,/jidong/
1069,黑龙江,鸡冠,/jiguanqu/
1070,黑龙江,恒山,/hengshanqu/
1071,黑龙江,滴道,/didaoqu/
1072,黑龙江,城子河,/chengzihequ/
1073,黑龙江,麻山,/mashanqu/
1074,黑龙江,梨树,/lishuqu/
1075,黑龙江,牡丹江,/mudanjiang/
1076,黑龙江,海林,/hailin/
1077,黑龙江,穆棱,/muling/
1078,黑龙江,林口,/linkou/
1079,黑龙江,绥芬河,/suifenhe/
1080,黑龙江,宁安,/ningan/
1081,黑龙江,东宁,/dongning/
1082,黑龙江,阳明,/yangmingqu/
1083,黑龙江,爱民,/aiminqu/
1084,黑龙江,东安,/donganqu/
1085,黑龙江,齐齐哈尔,/qiqihaer/
1086,黑龙江,讷河,/nehe/
1087,黑龙江,龙江,/longjiang/
1088,黑龙江,甘南,/gannan1/
1089,黑龙江,富裕,/fuyu/
1090,黑龙江,依安,/yian/
1091,黑龙江,拜泉,/baiquan/
1092,黑龙江,克山,/keshan/
1093,黑龙江,克东,/kedong/
1094,黑龙江,泰来,/tailai/
1095,黑龙江,建华,/jianhuaqu/
1096,黑龙江,富拉尔基,/fularjiqu/
1097,黑龙江,昂昂溪,/angangxiqu/
1098,黑龙江,铁锋,/tiefengqu/
1099,黑龙江,碾子山,/nianzishanqu/
1100,黑龙江,梅里斯达斡尔族,/meilisidawoerzuqu/
1101,黑龙江,龙沙,/longshaqv/
1102,黑龙江,七台河,/qitaihe/
1103,黑龙江,勃利,/boli/
1104,黑龙江,桃山,/taoshanqu/
1105,黑龙江,新兴,/xinxingqu/
1106,黑龙江,茄子河,/qiezihequ/
1107,黑龙江,双鸭山,/shuangyashan/
1108,黑龙江,集贤,/jixian1/
1109,黑龙江,宝清,/baoqing/
1110,黑龙江,饶河,/raohe/
1111,黑龙江,友谊,/youyi/
1112,黑龙江,尖山,/jianshanqu/
1113,黑龙江,岭东,/lingdongqu/
1114,黑龙江,四方台,/sifangtaiqu/
1115,黑龙江,绥化,/suihua/
1116,黑龙江,肇东,/zhaodong/
1117,黑龙江,安达,/anda/
1118,黑龙江,海伦,/hailun/
1119,黑龙江,明水,/mingshui/
1120,黑龙江,望奎,/wangkui/
1121,黑龙江,兰西,/lanxi/
1122,黑龙江,青冈,/qinggang/
1123,黑龙江,庆安,/qingan/
1124,黑龙江,绥棱,/suiling/
1125,黑龙江,北林区,/beilinqu/
1126,黑龙江,伊春,/yichun/
1127,黑龙江,乌伊岭,/wuyiling/
1128,黑龙江,五营,/wuying/
1129,黑龙江,铁力,/tieli/
1130,黑龙江,嘉荫,/jiayin/
1131,黑龙江,南岔,/nanchaqu/
1132,黑龙江,友好,/youhaoqu/
1133,黑龙江,西林,/xilinqu/
1134,黑龙江,翠峦,/cuiluanqu/
1135,黑龙江,新青,/xinqingqu/
1136,黑龙江,美溪,/meixiqu/
1137,黑龙江,金山屯,/jinshantunqu/
1138,黑龙江,乌马河,/wumahequ/
1139,黑龙江,汤旺河,/tangwanghequ/
1140,黑龙江,带岭,/dailingqu/
1141,黑龙江,红星,/hongxingqu/
1142,黑龙江,上甘岭,/shangganlingqu/
1143,黑龙江,伊春区,/yichunqu/
1144,河南,安阳,/anyang/
1145,河南,汤阴,/tangyin/
1146,河南,滑县,/huaxian1/
1147,河南,内黄,/neihuang/
1148,河南,林州,/linzhou/
1149,河南,文峰,/wenfengqu/
1150,河南,北关,/beiguanqu/
1151,河南,殷都,/yinduqu/
1152,河南,龙安,/longanqu/
1153,河南,安阳县,/anyangxian/
1154,河南,鹤壁,/hebi/
1155,河南,浚县,/xunxian/
1156,河南,淇县,/qixian2/
1157,河南,鹤山,/heshanqu1/
1158,河南,山城,/shanchengqu/
1159,河南,淇滨,/qibinqu/
1160,河南,焦作,/jiaozuo/
1161,河南,修武,/xiuwu/
1162,河南,武陟,/wuzhi/
1163,河南,沁阳,/qinyang/
1164,河南,博爱,/boai/
1165,河南,温县,/wenxian1/
1166,河南,孟州,/mengzhou/
1167,河南,解放,/jiefangqu/
1168,河南,中站,/zhongzhanqu/
1169,河南,山阳,/shanyangqu/
1170,河南,马村,/macunqu/
1171,河南,济源,/jiyuan/
1172,河南,开封,/kaifeng/
1173,河南,杞县,/qixian1/
1174,河南,尉氏,/weishi/
1175,河南,通许,/tongxu/
1176,河南,兰考,/lankao/
1177,河南,龙亭,/longting/
1178,河南,顺河回族,/shunhehuizu/
1179,河南,开封鼓楼,/kaifenggulouqu/
1180,河南,禹王台,/yuwangtaiqu/
1181,河南,金明,/jinmingqu/
1182,河南,祥符,/xiangfuqu/
1183,河南,漯河,/luohe/
1184,河南,临颍,/linying/
1185,河南,舞阳,/wuyang/
1186,河南,源汇,/yuanhuiqu/
1187,河南,郾城,/yanchengqu/
1188,河南,召陵,/shaolingqu/
1189,河南,洛阳,/luoyang/
1190,河南,新安,/xinan/
1191,河南,孟津,/mengjin/
1192,河南,宜阳,/yiyang/
1193,河南,洛宁,/luoning/
1194,河南,伊川,/yichuan1/
1195,河南,嵩县,/songxian/
1196,河南,偃师,/yanshi1/
1197,河南,栾川,/luanchuan/
1198,河南,汝阳,/ruyang/
1199,河南,吉利,/jili/
1200,河南,洛龙,/luolongqu/
1201,河南,老城,/laochengqu/
1202,河南,西工,/xigongqu/
1203,河南,瀍河回族,/chanhequ/
1204,河南,涧西,/jianxiqu/
1205,河南,南阳,/nanyang/
1206,河南,南召,/nanzhao/
1207,河南,方城,/fangcheng/
1208,河南,社旗,/sheqi/
1209,河南,西峡,/xixia/
1210,河南,内乡,/neixiang/
1211,河南,镇平,/zhenping1/
1212,河南,淅川,/xichuan/
1213,河南,新野,/xinye/
1214,河南,唐河,/tanghe/
1215,河南,邓州,/dengzhou/
1216,河南,桐柏,/tongbai/
1217,河南,宛城,/wanchengqu/
1218,河南,卧龙,/wolongqu/
1219,河南,平顶山,/pingdingshan/
1220,河南,郏县,/jiaxian1/
1221,河南,宝丰,/baofeng/
1222,河南,汝州,/ruzhou/
1223,河南,叶县,/yexian/
1224,河南,舞钢,/wugang/
1225,河南,鲁山,/lushan/
1226,河南,石龙,/shilong/
1227,河南,卫东,/weidongqu/
1228,河南,湛河,/zhanhequ/
1229,河南,平顶新华,/pingdingxinhua/
1230,河南,濮阳,/puyang/
1231,河南,台前,/taiqian/
1232,河南,南乐,/nanle/
1233,河南,清丰,/qingfeng/
1234,河南,范县,/fanxian/
1235,河南,华龙,/hualongqu/
1236,河南,濮阳县,/puyangxian/
1237,河南,三门峡,/sanmenxia/
1238,河南,灵宝,/lingbao/
1239,河南,渑池,/mianchi/
1240,河南,卢氏,/lushi/
1241,河南,义马,/yima/
1242,河南,陕县,/shanxian1/
1243,河南,湖滨,/hubinqu/
1244,河南,陕州,/xiazhouqu/
1245,河南,商丘,/shangqiu/
1246,河南,睢县,/suixian/
1247,河南,民权,/minquan/
1248,河南,虞城,/yucheng1/
1249,河南,柘城,/zhecheng/
1250,河南,宁陵,/ningling/
1251,河南,夏邑,/xiayi/
1252,河南,永城,/yongcheng/
1253,河南,梁园,/liangyuanqu/
1254,河南,睢阳,/suiyangqo/
1255,河南,新乡,/xinxiang/
1256,河南,获嘉,/huojia/
1257,河南,原阳,/yuanyang/
1258,河南,辉县,/huixian1/
1259,河南,卫辉,/weihui/
1260,河南,延津,/yanjin/
1261,河南,封丘,/fengqiu/
1262,河南,长垣,/changyuan/
1263,河南,红旗,/hongqiqu/
1264,河南,卫滨,/weibinqu/
1265,河南,凤泉,/fengquanqu/
1266,河南,牧野,/muyequ/
1267,河南,新乡县,/xinxiangxian/
1268,河南,信阳,/xinyang/
1269,河南,息县,/xixian1/
1270,河南,罗山,/luoshan/
1271,河南,光山,/guangshan/
1272,河南,新县,/xinxian1/
1273,河南,淮滨,/huaibin/
1274,河南,潢川,/huangchuan/
1275,河南,固始,/gushi/
1276,河南,商城,/shangcheng/
1277,河南,浉河,/shihequ/
1278,河南,平桥,/pingqiaoqu/
1279,河南,许昌,/xuchang/
1280,河南,鄢陵,/yanling/
1281,河南,襄城,/xiangcheng/
1282,河南,长葛,/changge/
1283,河南,禹州,/yuzhou1/
1284,河南,魏都,/weidu/
1285,河南,许昌县,/xuchangxian/
1286,河南,郑州,/zhengzhou/
1287,河南,巩义,/gongyi/
1288,河南,荥阳,/xingyang/
1289,河南,登封,/dengfeng/
1290,河南,新密,/xinmi/
1291,河南,新郑,/xinzheng/
1292,河南,中牟,/zhongmou/
1293,河南,上街,/shangjie/
1294,河南,中原,/zhongyuanqu/
1295,河南,二七,/erqiqu/
1296,河南,管城回族,/guanchengqu/
1297,河南,金水,/jinshuiqu/
1298,河南,惠济,/huijiqu/
1299,河南,周口,/zhoukou/
1300,河南,扶沟,/fugou/
1301,河南,太康,/taikang/
1302,河南,淮阳,/huaiyang/
1303,河南,西华,/xihua/
1304,河南,商水,/shangshui/
1305,河南,项城,/xiangcheng1/
1306,河南,郸城,/dancheng/
1307,河南,鹿邑,/luyi/
1308,河南,沈丘,/shenqiu/
1309,河南,川汇,/chuanhuiqu/
1310,河南,驻马店,/zhumadian/
1311,河南,西平,/xiping/
1312,河南,遂平,/suiping/
1313,河南,上蔡,/shangcai/
1314,河南,汝南,/runan/
1315,河南,泌阳,/biyang/
1316,河南,平舆,/pingyu/
1317,河南,新蔡,/xincai/
1318,河南,确山,/queshan/
1319,河南,正阳,/zhengyang/
1320,河南,驿城,/yichengqu/
1321,湖北,恩施州,/enshi/
1322,湖北,恩施,/enshi/
1323,湖北,利川,/lichuan/
1324,湖北,建始,/jianshi/
1325,湖北,咸丰,/xianfeng/
1326,湖北,宣恩,/xuanen/
1327,湖北,鹤峰,/hefeng1/
1328,湖北,来凤,/laifeng/
1329,湖北,巴东,/badong/
1330,湖北,鄂州,/ezhou/
1331,湖北,梁子湖,/liangzihu/
1332,湖北,鄂城,/echengqu/
1333,湖北,黄冈,/huanggang/
1334,湖北,红安,/hongan/
1335,湖北,麻城,/macheng/
1336,湖北,罗田,/luotian/
1337,湖北,英山,/yingshan/
1338,湖北,浠水,/xishui/
1339,湖北,蕲春,/qichun/
1340,湖北,黄梅,/huangmei/
1341,湖北,武穴,/wuxue/
1342,湖北,团风,/tuanfeng/
1343,湖北,黄州,/huangzhouqu/
1344,湖北,黄石,/huangshi/
1345,湖北,大冶,/daye/
1346,湖北,阳新,/yangxin1/
1347,湖北,铁山,/tieshan/
1348,湖北,下陆,/xialu/
1349,湖北,西塞山,/xisaishan/
1350,湖北,黄石港,/huangshigangqu/
1351,湖北,荆门,/jingmen/
1352,湖北,钟祥,/zhongxiang/
1353,湖北,京山,/jingshan/
1354,湖北,掇刀,/duodao/
1355,湖北,沙洋,/shayang/
1356,湖北,东宝,/dongbaoqu/
1357,湖北,荆州,/jingzhou/
1358,湖北,江陵,/jiangling/
1359,湖北,公安,/gongan/
1360,湖北,石首,/shishou/
1361,湖北,监利,/jianli/
1362,湖北,洪湖,/honghu/
1363,湖北,松滋,/songzi/
1364,湖北,华容,/huarongqu/
1365,湖北,沙市,/shashi/
1366,湖北,荆州,/jingzhouqu/
1367,湖北,潜江,/qianjiang1/
1368,湖北,潜江,/qianjiang1/
1369,湖北,神农架,/shennongjia/
1370,湖北,神农架,/shennongjia/
1371,湖北,十堰,/shiyan/
1372,湖北,竹溪,/zhuxi/
1373,湖北,郧西,/yunxi/
1374,湖北,郧阳,/yunyangqu/
1375,湖北,竹山,/zhushan/
1376,湖北,房县,/fangxian/
1377,湖北,丹江口,/danjiangkou/
1378,湖北,茅箭,/maojian/
1379,湖北,张湾,/zhangwan/
1380,湖北,随州,/suizhou/
1381,湖北,广水,/guangshui/
1382,湖北,曾都,/zengduqu/
1383,湖北,随县,/suizhousuixian/
1384,湖北,天门,/tianmen/
1385,湖北,天门,/tianmen/
1386,湖北,武汉,/wuhan/
1387,湖北,蔡甸,/caidian/
1388,湖北,黄陂,/huangpi/
1389,湖北,新洲,/xinzhou1/
1390,湖北,江夏,/jiangxia/
1391,湖北,东西湖,/dongxihu/
1392,湖北,江汉,/jianghanqu/
1393,湖北,江岸,/jianganqu/
1394,湖北,洪山,/hongshan/
1395,湖北,汉阳,/hanyangqu/
1396,湖北,汉南,/hannanqu/
1397,湖北,武昌,/wuchangqu/
1398,湖北,硚口,/qiaokouqu/
1399,湖北,襄阳,/xiangyang/
1400,湖北,襄州,/xiangzhou1/
1401,湖北,保康,/baokang/
1402,湖北,南漳,/nanzhang/
1403,湖北,宜城,/yicheng2/
1404,湖北,老河口,/laohekou/
1405,湖北,谷城,/gucheng1/
1406,湖北,枣阳,/zaoyang/
1407,湖北,樊城,/fanchengqu/
1408,湖北,襄阳襄城,/xiangyangxiangcheng/
1409,湖北,咸宁,/xianning/
1410,湖北,赤壁,/chibi/
1411,湖北,嘉鱼,/jiayu/
1412,湖北,崇阳,/chongyang/
1413,湖北,通城,/tongcheng/
1414,湖北,通山,/tongshan/
1415,湖北,咸安,/xianan/
1416,湖北,仙桃,/xiantao/
1417,湖北,仙桃,/xiantao/
1418,湖北,孝感,/xiaogan/
1419,湖北,安陆,/anlu/
1420,湖北,云梦,/yunmeng/
1421,湖北,大悟,/dawu/
1422,湖北,应城,/yingcheng/
1423,湖北,汉川,/hanchuan/
1424,湖北,孝昌,/xiaochang/
1425,湖北,孝南,/xiaonanqu/
1426,湖北,宜昌,/yichang/
1427,湖北,远安,/yuanan/
1428,湖北,秭归,/zigui/
1429,湖北,兴山,/xingshan/
1430,湖北,五峰,/wufeng/
1431,湖北,当阳,/dangyang/
1432,湖北,长阳,/changyang/
1433,湖北,宜都,/yidu/
1434,湖北,枝江,/zhijiang/
1435,湖北,三峡,/sanxia/
1436,湖北,夷陵,/yiling/
1437,湖北,点军,/dianjunqu/
1438,湖北,猇亭,/xiaoting/
1439,湖北,西陵,/xilingqu/
1440,湖北,伍家岗,/wujiagang/
1441,湖北,青山,/qingshan/
1442,湖南,常德,/changde/
1443,湖南,安乡,/anxiang/
1444,湖南,桃源,/taoyuan/
1445,湖南,汉寿,/hanshou/
1446,湖南,澧县,/lixian2/
1447,湖南,临澧,/linli/
1448,湖南,石门,/shimen/
1449,湖南,津市,/jinshi/
1450,湖南,武陵,/wulingqu/
1451,湖南,鼎城,/dingchengqu/
1452,湖南,长沙,/changsha/
1453,湖南,宁乡,/ningxiang/
1454,湖南,浏阳,/liuyang/
1455,湖南,马坡岭,/mapoling/
1456,湖南,望城,/wangcheng/
1457,湖南,芙蓉,/furongqu/
1458,湖南,天心,/tianxinqu/
1459,湖南,岳麓,/yueluqu/
1460,湖南,开福,/kaifuqu/
1461,湖南,雨花,/changshayuhua/
1462,湖南,长沙县,/changshaxian/
1463,湖南,郴州,/chenzhou/
1464,湖南,桂阳,/guiyang/
1465,湖南,嘉禾,/jiahe/
1466,湖南,宜章,/yizhang/
1467,湖南,临武,/linwu/
1468,湖南,资兴,/zixing/
1469,湖南,汝城,/rucheng/
1470,湖南,安仁,/anren/
1471,湖南,永兴,/yongxing/
1472,湖南,桂东,/guidong/
1473,湖南,苏仙,/suxian/
1474,湖南,北湖,/beihuqu/
1475,湖南,衡阳,/hengyang/
1476,湖南,衡山,/hengshan1/
1477,湖南,衡东,/hengdong/
1478,湖南,祁东,/qidong1/
1479,湖南,衡阳县,/hengyangxian/
1480,湖南,常宁,/changning/
1481,湖南,衡南,/hengnan/
1482,湖南,耒阳,/leiyang/
1483,湖南,南岳,/nanyue/
1484,湖南,珠晖,/zhuhuiqu/
1485,湖南,雁峰,/yanfengqu/
1486,湖南,石鼓,/shiguqu/
1487,湖南,蒸湘,/zhengxiangqu/
1488,湖南,怀化,/huaihua/
1489,湖南,沅陵,/yuanling/
1490,湖南,辰溪,/chenxi/
1491,湖南,靖州,/jingzhou1/
1492,湖南,会同,/huitong/
1493,湖南,通道,/tongdao/
1494,湖南,麻阳,/mayang/
1495,湖南,新晃,/xinhuang/
1496,湖南,芷江,/zhijiang1/
1497,湖南,溆浦,/xupu/
1498,湖南,中方,/zhongfang/
1499,湖南,洪江,/hongjiang/
1500,湖南,鹤城,/hecheng/
1501,湖南,娄底,/loudi/
1502,湖南,双峰,/shuangfeng/
1503,湖南,冷水江,/lengshuijiang/
1504,湖南,新化,/xinhua/
1505,湖南,涟源,/lianyuan/
1506,湖南,娄星,/louxing/
1507,湖南,邵阳,/shaoyang/
1508,湖南,隆回,/longhui/
1509,湖南,洞口,/dongkou/
1510,湖南,新邵,/xinshao/
1511,湖南,邵东,/shaodong/
1512,湖南,绥宁,/suining/
1513,湖南,新宁,/xinning/
1514,湖南,武冈,/wugang1/
1515,湖南,城步,/chengbu/
1516,湖南,邵阳县,/shaoyangxian/
1517,湖南,双清,/shuangqingqu/
1518,湖南,大祥,/daxiangqu/
1519,湖南,北塔,/beitaqu/
1520,湖南,湘潭,/xiangtan/
1521,湖南,韶山,/shaoshan/
1522,湖南,湘乡,/xiangxiang/
1523,湖南,雨湖,/yuhuqu/
1524,湖南,岳塘,/yuetangqu/
1525,湖南,湘潭县,/xiangtanxian/
1526,湖南,湘西,/xiangxi/
1527,湖南,吉首,/jishou/
1528,湖南,保靖,/baojing/
1529,湖南,永顺,/yongshun/
1530,湖南,古丈,/guzhang/
1531,湖南,凤凰,/fenghuang/
1532,湖南,泸溪,/luxi/
1533,湖南,龙山,/longshan/
1534,湖南,花垣,/huayuan/
1535,湖南,益阳,/yiyang1/
1536,湖南,赫山,/heshanqu/
1537,湖南,南县,/nanxian/
1538,湖南,桃江,/taojiang/
1539,湖南,安化,/anhua/
1540,湖南,沅江,/yuanjiang/
1541,湖南,资阳,/ziyangqu/
1542,湖南,永州,/yongzhou/
1543,湖南,祁阳,/qiyang/
1544,湖南,东安,/dongan/
1545,湖南,双牌,/shuangpai/
1546,湖南,道县,/daoxian/
1547,湖南,宁远,/ningyuan/
1548,湖南,江永,/jiangyong/
1549,湖南,蓝山,/lanshan/
1550,湖南,新田,/xintian/
1551,湖南,江华,/jianghua/
1552,湖南,冷水滩,/lengshuitan/
1553,湖南,零陵,/lingling/
1554,湖南,岳阳,/yueyang/
1555,湖南,华容,/huarong/
1556,湖南,湘阴,/xiangyin/
1557,湖南,汨罗,/miluo/
1558,湖南,平江,/pingjiang/
1559,湖南,临湘,/linxiang/
1560,湖南,岳阳楼,/yueyanglouqu/
1561,湖南,云溪,/yunxiqu/
1562,湖南,君山,/junshanqu/
1563,湖南,岳阳,/yueyangxian/
1564,湖南,张家界,/zhangjiajie/
1565,湖南,桑植,/sangzhi/
1566,湖南,慈利,/cili/
1567,湖南,武陵源,/wulingyuan/
1568,湖南,张家界永定,/yongdingqu/
1569,湖南,株洲,/zhuzhou/
1570,湖南,攸县,/youxian/
1571,湖南,醴陵,/liling/
1572,湖南,茶陵,/chaling/
1573,湖南,炎陵,/yanling1/
1574,湖南,荷塘,/hetangqu/
1575,湖南,芦淞,/lusongqu/
1576,湖南,石峰,/shifengqu/
1577,湖南,天元,/tianyuanqu/
1578,湖南,株洲县,/zhuzhouxian/
1579,江苏,常州,/changzhou/
1580,江苏,溧阳,/liyang/
1581,江苏,金坛,/jintan/
1582,江苏,武进,/wujin/
1583,江苏,天宁,/tianningqu/
1584,江苏,钟楼,/zhonglouqu/
1585,江苏,戚墅堰,/qishuyanqu/
1586,江苏,新北,/changzhouxinbeiqu/
1587,江苏,淮安,/huaian1/
1588,江苏,金湖,/jinhu/
1589,江苏,盱眙,/xuyi/
1590,江苏,洪泽,/hongze/
1591,江苏,涟水,/lianshui/
1592,江苏,淮阴,/huaiyinqu/
1593,江苏,楚州,/chuzhou/
1594,江苏,清浦,/qingpuqu/
1595,江苏,清江浦,/qingjiangpu/
1596,江苏,淮安区,/huaianqu/
1597,江苏,连云港,/lianyungang/
1598,江苏,东海,/donghai/
1599,江苏,赣榆,/ganyu/
1600,江苏,灌云,/guanyun/
1601,江苏,灌南,/guannan/
1602,江苏,连云,/lianyun/
1603,江苏,新浦,/xinpu/
1604,江苏,连云港海州,/lianyunganghaizhou/
1605,江苏,南京,/nanjing/
1606,江苏,溧水,/lishui2/
1607,江苏,高淳,/gaochun/
1608,江苏,江宁,/jiangning/
1609,江苏,六合,/luhe1/
1610,江苏,江浦,/jiangpu/
1611,江苏,浦口,/pukou/
1612,江苏,鼓楼,/nanjinggulou/
1613,江苏,栖霞,/qixiaqu/
1614,江苏,玄武,/xuanwuqu/
1615,江苏,白下,/baixiaqu/
1616,江苏,秦淮,/qinhuaiqu/
1617,江苏,建邺,/jianyequ/
1618,江苏,下关,/xiaguanqu/
1619,江苏,雨花台,/yuhuataiqu/
1620,江苏,南通,/nantong/
1621,江苏,海安,/haian/
1622,江苏,如皋,/rugao/
1623,江苏,如东,/rudong/
1624,江苏,启东,/qidong/
1625,江苏,海门,/haimen/
1626,江苏,通州,/tongzhou1/
1627,江苏,崇川,/chongchuanqu/
1628,江苏,港闸,/gangzhaqu/
1629,江苏,宿迁,/suqian/
1630,江苏,沭阳,/shuyang/
1631,江苏,泗阳,/siyang/
1632,江苏,泗洪,/sihong/
1633,江苏,宿豫,/suyu/
1634,江苏,宿城,/suchengqu/
1635,江苏,苏州,/suzhou/
1636,江苏,常熟,/changshu/
1637,江苏,张家港,/zhangjiagang/
1638,江苏,昆山,/kunshan/
1639,江苏,吴中,/wuzhong1/
1640,江苏,吴江,/wujiang/
1641,江苏,太仓,/taicang/
1642,江苏,沧浪,/canglangqu/
1643,江苏,平江,/pingjiangqu/
1644,江苏,金阊,/jinchangqu/
1645,江苏,虎丘,/huqiuqu/
1646,江苏,相城,/xiangchengqu/
1647,江苏,姑苏,/gusuqu/
1648,江苏,泰州,/taizhou2/
1649,江苏,兴化,/xinghua/
1650,江苏,泰兴,/taixing/
1651,江苏,姜堰,/jiangyan/
1652,江苏,靖江,/jingjiang/
1653,江苏,海陵,/hailingqu/
1654,江苏,高港,/gaogangqu/
1655,江苏,无锡,/wuxi1/
1656,江苏,江阴,/jiangyin/
1657,江苏,宜兴,/yixing/
1658,江苏,锡山,/xishan/
1659,江苏,崇安,/chonganqu/
1660,江苏,南长,/nanchangqu/
1661,江苏,北塘,/beitangqu/
1662,江苏,惠山,/huishanqu/
1663,江苏,滨湖,/binhuqu/
1664,江苏,梁溪,/liangxiqu/
1665,江苏,新吴,/xinwuqu/
1666,江苏,徐州,/xuzhou/
1667,江苏,铜山,/tongshan1/
1668,江苏,丰县,/fengxian2/
1669,江苏,沛县,/peixian/
1670,江苏,邳州,/pizhou/
1671,江苏,睢宁,/suining2/
1672,江苏,新沂,/xinyi/
1673,江苏,徐州鼓楼,/gulouqu/
1674,江苏,云龙,/yunlongqu/
1675,江苏,贾汪,/jiawangqu/
1676,江苏,泉山,/quanshanqu/
1677,江苏,盐城,/yancheng/
1678,江苏,响水,/xiangshui/
1679,江苏,滨海,/binhai/
1680,江苏,阜宁,/funing1/
1681,江苏,射阳,/sheyang/
1682,江苏,建湖,/jianhu/
1683,江苏,东台,/dongtai/
1684,江苏,大丰,/dafeng/
1685,江苏,盐都,/yandu/
1686,江苏,亭湖,/tinghuqu/
1687,江苏,扬州,/yangzhou/
1688,江苏,宝应,/baoying/
1689,江苏,仪征,/yizheng/
1690,江苏,高邮,/gaoyou/
1691,江苏,江都,/jiangdu/
1692,江苏,邗江,/hanjiang1/
1693,江苏,广陵,/guanglingqu/
1694,江苏,维扬,/weiyang/
1695,江苏,镇江,/zhenjiang/
1696,江苏,丹阳,/danyang/
1697,江苏,扬中,/yangzhong/
1698,江苏,句容,/jurong/
1699,江苏,丹徒,/dantu/
1700,江苏,京口,/jingkou/
1701,江苏,润州,/runzhouqu/
1702,江西,抚州,/fuzhou1/
1703,江西,广昌,/guangchang/
1704,江西,乐安,/lean/
1705,江西,崇仁,/chongren/
1706,江西,金溪,/jinxi/
1707,江西,资溪,/zixi/
1708,江西,宜黄,/yihuang/
1709,江西,南城,/nancheng/
1710,江西,南丰,/nanfeng/
1711,江西,黎川,/lichuan1/
1712,江西,东乡,/dongxiang1/
1713,江西,临川,/linchuanqu/
1714,江西,赣州,/ganzhou/
1715,江西,崇义,/chongyi/
1716,江西,上犹,/shangyou/
1717,江西,南康,/nankang/
1718,江西,大余,/dayu/
1719,江西,信丰,/xinfeng/
1720,江西,宁都,/ningdu/
1721,江西,石城,/shicheng/
1722,江西,瑞金,/ruijin/
1723,江西,于都,/yudu/
1724,江西,会昌,/huichang/
1725,江西,安远,/anyuan/
1726,江西,全南,/quannan/
1727,江西,龙南,/longnan/
1728,江西,定南,/dingnan/
1729,江西,寻乌,/xunwu/
1730,江西,兴国,/xingguo/
1731,江西,赣县,/ganxian/
1732,江西,章贡,/zhanggongqu/
1733,江西,吉安,/jian1/
1734,江西,吉安县,/jianxian/
1735,江西,吉水,/jishui/
1736,江西,新干,/xingan/
1737,江西,峡江,/xiajiang/
1738,江西,永丰,/yongfeng/
1739,江西,永新,/yongxin/
1740,江西,井冈山,/jinggangshan/
1741,江西,万安,/wanan/
1742,江西,遂川,/suichuan/
1743,江西,泰和,/taihe1/
1744,江西,安福,/anfu/
1745,江西,青原,/qingyuanqu/
1746,江西,吉州,/jizhouqu/
1747,江西,景德镇,/jingdezhen/
1748,江西,乐平,/leping/
1749,江西,浮梁,/fuliang/
1750,江西,昌江区,/changjiangqu/
1751,江西,珠山,/zhushanqu/
1752,江西,九江,/jiujiang/
1753,江西,瑞昌,/ruichang/
1754,江西,庐山,/lushan1/
1755,江西,武宁,/wuning/
1756,江西,德安,/dean/
1757,江西,永修,/yongxiu/
1758,江西,湖口,/hukou/
1759,江西,彭泽,/pengze/
1760,江西,星子,/xingzi/
1761,江西,都昌,/duchang/
1762,江西,修水,/xiushui/
1763,江西,共青城,/gongqingcheng/
1764,江西,浔阳,/xunyangqu/
1765,江西,九江县,/jiujiangxian/
1766,江西,濂溪,/lianxi/
1767,江西,南昌,/nanchang/
1768,江西,新建,/xinjian/
1769,江西,南昌县,/nanchangxian/
1770,江西,安义,/anyi/
1771,江西,进贤,/jinxian/
1772,江西,东湖,/donghuqu/
1773,江西,青云谱,/qingyunpuqu/
1774,江西,湾里,/wanliqu/
1775,江西,青山湖,/qingshanhuqu/
1776,江西,萍乡,/pingxiang1/
1777,江西,莲花,/lianhua/
1778,江西,上栗,/shangli/
1779,江西,安源,/anyuanqu/
1780,江西,芦溪,/luxi3/
1781,江西,湘东,/xiangdong/
1782,江西,上饶,/shangrao/
1783,江西,鄱阳,/poyang/
1784,江西,婺源,/wuyuan1/
1785,江西,余干,/yugan/
1786,江西,万年,/wannian/
1787,江西,德兴,/dexing/
1788,江西,上饶县,/shangraoxian/
1789,江西,弋阳,/yiyang2/
1790,江西,横峰,/hengfeng/
1791,江西,铅山,/yanshan2/
1792,江西,玉山,/yushan/
1793,江西,广丰,/guangfeng/
1794,江西,信州,/xinzhouqu/
1795,江西,新余,/xinyu/
1796,江西,分宜,/fenyi/
1797,江西,渝水,/yushuiqu/
1798,江西,宜春,/yichun1/
1799,江西,铜鼓,/tonggu/
1800,江西,宜丰,/yifeng/
1801,江西,万载,/wanzai/
1802,江西,上高,/shanggao/
1803,江西,靖安,/jingan/
1804,江西,奉新,/fengxin/
1805,江西,高安,/gaoan/
1806,江西,樟树,/zhangshu/
1807,江西,丰城,/fengcheng1/
1808,江西,袁州区,/yuanzhouqu/
1809,江西,鹰潭,/yingtan/
1810,江西,余江,/yujiang/
1811,江西,贵溪,/guixi/
1812,江西,月湖,/yuehuqu/
1813,吉林,白城,/baicheng/
1814,吉林,洮南,/taonan/
1815,吉林,大安,/daan/
1816,吉林,镇赉,/zhenlai/
1817,吉林,通榆,/tongyu/
1818,吉林,洮北,/taobeiqu/
1819,吉林,白山,/baishan/
1820,吉林,靖宇,/jingyu/
1821,吉林,临江,/linjiang/
1822,吉林,东岗,/donggang/
1823,吉林,长白,/changbai/
1824,吉林,抚松,/fusong/
1825,吉林,江源,/jiangyuan/
1826,吉林,八道江,/baishanqu/
1827,吉林,浑江,/hunjiangqu/
1828,吉林,长春,/changchun/
1829,吉林,农安,/nongan/
1830,吉林,德惠,/dehui/
1831,吉林,九台,/jiutai/
1832,吉林,榆树,/yushu/
1833,吉林,双阳,/shuangyang/
1834,吉林,宽城,/kuanchengqu/
1835,吉林,二道,/erdaoqu/
1836,吉林,南关,/nanguanqu/
1837,吉林,绿园,/luyuanqu/
1838,吉林,朝阳,/chaoyangqu/
1839,吉林,吉林,/jilinshi/
1840,吉林,舒兰,/shulan/
1841,吉林,永吉,/yongji/
1842,吉林,蛟河,/jiaohe/
1843,吉林,磐石,/panshi/
1844,吉林,桦甸,/huadian/
1845,吉林,龙潭,/longtan/
1846,吉林,丰满,/fengmanqu/
1847,吉林,船营,/chuanyingqu/
1848,吉林,昌邑,/changyiqu/
1849,吉林,辽源,/liaoyuan/
1850,吉林,东丰,/dongfeng/
1851,吉林,东辽,/dongliao/
1852,吉林,西安,/xianqu/
1853,吉林,龙山,/longshanqu/
1854,吉林,四平,/siping/
1855,吉林,双辽,/shuangliao/
1856,吉林,梨树,/lishu/
1857,吉林,公主岭,/gongzhuling/
1858,吉林,伊通,/yitong/
1859,吉林,铁西,/tiexiqu/
1860,吉林,铁东,/tiedong/
1861,吉林,松原,/songyuan/
1862,吉林,乾安,/qianan/
1863,吉林,前郭,/qianguo/
1864,吉林,长岭,/changling/
1865,吉林,扶余,/fuyu1/
1866,吉林,宁江,/ningjiangqu/
1867,吉林,通化,/tonghua/
1868,吉林,梅河口,/meihekou/
1869,吉林,柳河,/liuhe/
1870,吉林,辉南,/huinan/
1871,吉林,集安,/jian/
1872,吉林,通化县,/tonghuaxian/
1873,吉林,东昌,/dongchangqu/
1874,吉林,二道江,/erdaojiang/
1875,吉林,延边朝鲜族,/yanbian/
1876,吉林,延吉,/yanji/
1877,吉林,敦化,/dunhua/
1878,吉林,安图,/antu/
1879,吉林,汪清,/wangqing/
1880,吉林,和龙,/helong/
1881,吉林,龙井,/longjing/
1882,吉林,珲春,/hunchun/
1883,吉林,图们,/tumen/
1884,辽宁,鞍山,/anshan/
1885,辽宁,台安,/taian/
1886,辽宁,岫岩,/xiuyan/
1887,辽宁,铁东,/anshantiedong/
1888,辽宁,鞍山铁西,/anshantiexiqu/
1889,辽宁,立山,/lishanqu/
1890,辽宁,千山,/qianshanqu/
1891,辽宁,本溪,/benxi/
1892,辽宁,明山,/mingshanqu/
1893,辽宁,桓仁,/huanren/
1894,辽宁,平山,/pingshanqu/
1895,辽宁,溪湖区,/xihuqu/
1896,辽宁,南芬,/nanfenqu/
1897,辽宁,本溪满族,/benximanzu/
1898,辽宁,朝阳,/chaoyang1/
1899,辽宁,建平,/jianpingxian/
1900,辽宁,双塔,/shuangtaqu/
1901,辽宁,龙城,/longchengqu/
1902,辽宁,朝阳县,/chaoyangxian/
1903,辽宁,喀喇沁左翼,/kazuo/
1904,辽宁,大连,/dalian/
1905,辽宁,金州,/jinzhou/
1906,辽宁,普兰店,/pulandian/
1907,辽宁,旅顺,/lvshun/
1908,辽宁,长海,/changhai/
1909,辽宁,中山,/zhongshanqu1/
1910,辽宁,西岗,/xigangqu/
1911,辽宁,沙河口,/shahekouqu/
1912,辽宁,甘井子,/ganjingziqu/
1913,辽宁,旅顺口,/lushunkouqu/
1914,辽宁,丹东,/dandong/
1915,辽宁,宽甸,/kuandian/
1916,辽宁,元宝,/yuanbaoqu/
1917,辽宁,振兴,/zhenxingqu/
1918,辽宁,振安,/zhenanqu/
1919,辽宁,抚顺,/fushun/
1920,辽宁,新宾,/xinbin/
1921,辽宁,清原,/qingyuan/
1922,辽宁,抚顺县,/fushunxian/
1923,辽宁,新抚,/xinfuqu1/
1924,辽宁,望花,/wanghuaqu/
1925,辽宁,顺城,/shunchengqu/
1926,辽宁,阜新,/fuxin/
1927,辽宁,彰武,/zhangwu/
1928,辽宁,海州,/haizhouqu/
1929,辽宁,新邱,/xinqiuqu/
1930,辽宁,太平,/taipingqu/
1931,辽宁,清河门,/qinghemenqu/
1932,辽宁,细河,/xihequ/
1933,辽宁,东洲,/dongzhouqu/
1934,辽宁,阜新蒙古族,/fuxinmengguzu/
1935,辽宁,葫芦岛,/huludao/
1936,辽宁,建昌,/jianchang/
1937,辽宁,绥中,/suizhong/
1938,辽宁,连山,/lianshanqu/
1939,辽宁,龙港,/longgangqu/
1940,辽宁,南票,/nanpiaoqu/
1941,辽宁,锦州,/jinzhou1/
1942,辽宁,义县,/yixian/
1943,辽宁,黑山,/heishan/
1944,辽宁,古塔,/gutaqu/
1945,辽宁,凌河,/linghe/
1946,辽宁,太和,/taihequ/
1947,辽宁,辽阳,/liaoyang/
1948,辽宁,辽阳县,/liaoyangxian/
1949,辽宁,弓长岭,/gongchangling/
1950,辽宁,白塔,/baita/
1951,辽宁,文圣,/wensheng/
1952,辽宁,宏伟,/hongwei/
1953,辽宁,太子河,/taizihe/
1954,辽宁,盘锦,/panjin/
1955,辽宁,大洼,/dawa/
1956,辽宁,盘山,/panshan/
1957,辽宁,双台子,/shuangtaiziqu/
1958,辽宁,兴隆台,/xinglongtaiqu/
1959,辽宁,沈阳,/shenyang/
1960,辽宁,辽中,/liaozhong/
1961,辽宁,康平,/kangping/
1962,辽宁,法库,/faku/
1963,辽宁,新民,/xinmin/
1964,辽宁,沈阳铁西,/shenyangtiexiqu/
1965,辽宁,沈河,/shenhequ/
1966,辽宁,大东,/dadongqu/
1967,辽宁,皇姑,/huangguqu/
1968,辽宁,苏家屯,/sujiatunqu/
1969,辽宁,浑南,/hunnan/
1970,辽宁,沈北,/shenbeixinqu/
1971,辽宁,于洪,/yuhongqu/
1972,辽宁,铁岭,/tieling/
1973,辽宁,昌图,/changtu/
1974,辽宁,西丰,/xifeng/
1975,辽宁,银州区,/yinzhouqu/
1976,辽宁,清河,/qinghequ/
1977,辽宁,铁岭县,/tielingxian/
1978,辽宁,营口,/yingkou/
1979,辽宁,站前,/zhanqianqu/
1980,辽宁,西市,/xishiqu/
1981,辽宁,鲅鱼圈,/bayuquanqu/
1982,辽宁,老边,/laobianqu/
1983,内蒙古,阿拉善,/alashanmeng/
1984,内蒙古,阿拉善左旗,/alashanzuoqi/
1985,内蒙古,阿拉善右旗,/alashanyouqi/
1986,内蒙古,额济纳,/ejina/
1987,内蒙古,拐子湖,/guanzihu/
1988,内蒙古,吉兰泰,/jilantai/
1989,内蒙古,锡林高勒,/xilingaole/
1990,内蒙古,头道湖,/toudaohu/
1991,内蒙古,中泉子,/zhongquanzi/
1992,内蒙古,诺尔贡,/nuoergong/
1993,内蒙古,雅布赖,/yabulai/
1994,内蒙古,乌斯太,/wusitai/
1995,内蒙古,孪井滩,/luanjingtan/
1996,内蒙古,包头,/baotou/
1997,内蒙古,白云鄂博,/baiyunebo/
1998,内蒙古,满都拉,/mandula/
1999,内蒙古,固阳,/guyang/
2000,内蒙古,希拉穆,/xilamuren/
2001,内蒙古,东河,/donghequ/
2002,内蒙古,昆都仑,/kundulunqu/
2003,内蒙古,青山,/qingshanqu/
2004,内蒙古,石拐,/shiguaiqu/
2005,内蒙古,九原,/jiuyuanqu/
2006,内蒙古,土右旗,/tumoteyouqi/
2007,内蒙古,达茂旗,/daerhanmaomingan/
2008,内蒙古,巴彦淖尔,/bayanzhuoer/
2009,内蒙古,临河,/linhe/
2010,内蒙古,五原,/wuyuan/
2011,内蒙古,磴口,/dengkou/
2012,内蒙古,乌前旗,/wulateqianqi/
2013,内蒙古,乌中旗,/wulatezhongqi/
2014,内蒙古,乌后旗,/wulatehouqi/
2015,内蒙古,乌后旗,/wuhouqi/
2016,内蒙古,海力素,/hailisu/
2017,内蒙古,那仁宝力格,/narenbaolige/
2018,内蒙古,杭锦后旗,/hangjinhouqi/
2019,内蒙古,赤峰,/chifeng/
2020,内蒙古,阿旗,/aluqi/
2021,内蒙古,浩尔吐,/haoertu/
2022,内蒙古,巴林左旗,/balinzuoqi/
2023,内蒙古,巴林右旗,/balinyouqi/
2024,内蒙古,林西,/linxi/
2025,内蒙古,克什克腾,/keshiketeng/
2026,内蒙古,翁牛特,/wengniute/
2027,内蒙古,岗子,/gangzi/
2028,内蒙古,喀喇沁,/kalaqin/
2029,内蒙古,八里罕,/balihan/
2030,内蒙古,宁城,/ningcheng/
2031,内蒙古,敖汉,/aohan/
2032,内蒙古,宝国吐,/baoguotu/
2033,内蒙古,红山,/hongshanqu/
2034,内蒙古,元宝山,/yuanbaoshanqu/
2035,内蒙古,松山,/songshanqu/
2036,内蒙古,阿鲁科尔沁旗,/alukeer/
2037,内蒙古,鄂尔多斯,/eerduosi/
2038,内蒙古,达拉特,/dalate/
2039,内蒙古,准格尔,/zhungeer/
2040,内蒙古,伊克乌素,/yikewusu/
2041,内蒙古,鄂托克前,/etuoke/
2042,内蒙古,杭锦旗,/hangjinqi/
2043,内蒙古,乌审,/wushenqi/
2044,内蒙古,伊金霍洛,/yijinhuoluo/
2045,内蒙古,康巴什,/kangbashen/
2046,内蒙古,东胜,/dongsheng/
2047,内蒙古,鄂托克,/etuokeqi/
2048,内蒙古,呼和浩特,/huhehaote/
2049,内蒙古,回民,/huiminqv/
2050,内蒙古,托克托县,/tuoxian/
2051,内蒙古,和林格尔,/helin/
2052,内蒙古,清水河,/qingshuihe/
2053,内蒙古,呼市,/hushijiaoqu/
2054,内蒙古,武川,/wuchuan/
2055,内蒙古,新城,/huhehaotexincheng/
2056,内蒙古,玉泉,/yuquanqu/
2057,内蒙古,赛罕,/saihanqu/
2058,内蒙古,土左旗,/tumotezuoqi/
2059,内蒙古,托克托,/tuoketuo/
2060,内蒙古,呼伦贝尔,/hulunbeier/
2061,内蒙古,海拉尔,/hailaer/
2062,内蒙古,小二沟,/xiaoergou/
2063,内蒙古,阿荣旗,/arongqi/
2064,内蒙古,莫力达瓦,/molidawa/
2065,内蒙古,鄂伦春旗,/elunchunqi/
2066,内蒙古,鄂温克旗,/ewenkeqi/
2067,内蒙古,陈旗,/chenqi/
2068,内蒙古,新左旗,/xinbaerhuzuoqi/
2069,内蒙古,新右旗,/xinyouqi/
2070,内蒙古,满洲里,/manzhouli/
2071,内蒙古,牙克石,/yakeshi/
2072,内蒙古,扎兰屯,/zhalantun/
2073,内蒙古,额尔古纳,/eerguna/
2074,内蒙古,根河,/genhe/
2075,内蒙古,扎赉诺尔,/zhalainuoer/
2076,内蒙古,鄂伦春,/elunchun/
2077,内蒙古,鄂温克,/ewenke/
2078,内蒙古,陈巴尔虎旗,/chenbaerhu/
2079,内蒙古,通辽,/tongliao/
2080,内蒙古,舍伯吐,/shebotu/
2081,内蒙古,科左中旗,/kezuozhongqi/
2082,内蒙古,科左后旗,/kezuohouqi/
2083,内蒙古,开鲁,/kailu/
2084,内蒙古,库伦,/kulun/
2085,内蒙古,奈曼,/naiman/
2086,内蒙古,扎鲁特,/zhalute/
2087,内蒙古,高力板,/gaoliban/
2088,内蒙古,巴雅尔吐胡硕,/bayaertuhushuo/
2089,内蒙古,科尔沁,/horqinqu/
2090,内蒙古,霍林郭勒,/huolinguole/
2091,内蒙古,科尔沁左翼中旗,/keerxinzuoyizhongqi/
2092,内蒙古,科尔沁左翼后旗,/keerxinzuoyihouqi/
2093,内蒙古,乌海,/wuhai/
2094,内蒙古,海勃湾,/haibowanqu/
2095,内蒙古,海南,/hainanqu/
2096,内蒙古,乌达,/wudaqu/
2097,内蒙古,乌兰察布,/wulanchabu/
2098,内蒙古,集宁,/jining/
2099,内蒙古,卓资,/zhuozi/
2100,内蒙古,化德,/huade/
2101,内蒙古,商都,/shangdu/
2102,内蒙古,兴和,/xinghe/
2103,内蒙古,凉城,/liangcheng/
2104,内蒙古,察右前旗,/cahaeryouqian/
2105,内蒙古,察右中旗,/chahaeryouzhong/
2106,内蒙古,察右后旗,/chahaeryouhou/
2107,内蒙古,四子王旗,/siziwangqi/
2108,内蒙古,丰镇,/fengzhen/
2109,内蒙古,锡林郭勒,/xilingguole/
2110,内蒙古,锡林浩特,/xilinhaote/
2111,内蒙古,二连浩特,/erlianhaote/
2112,内蒙古,阿巴嘎,/abaga/
2113,内蒙古,苏左旗,/sunitezuoqi/
2114,内蒙古,苏右旗,/suniteyouqi/
2115,内蒙古,东乌旗,/dongwuzhumuqinqi/
2116,内蒙古,西乌旗,/xiwuzhumuqinqi/
2117,内蒙古,东乌旗,/dongwuqi/
2118,内蒙古,西乌旗,/xiwuqi/
2119,内蒙古,太仆寺,/taibusiqi/
2120,内蒙古,镶黄旗,/xianghuang/
2121,内蒙古,正镶白旗,/zhengxiangbaiqi/
2122,内蒙古,正蓝旗,/zhenglanqi/
2123,内蒙古,多伦,/duolun/
2124,内蒙古,博克图,/boketu/
2125,内蒙古,乌拉盖,/wulagai/
2126,内蒙古,兴安,/xinganmeng/
2127,内蒙古,乌兰浩特,/wulanhaote/
2128,内蒙古,阿尔山,/aershan/
2129,内蒙古,科右中旗,/keyouzhongqi/
2130,内蒙古,胡尔勒,/huerle/
2131,内蒙古,扎赉特,/zhalaite/
2132,内蒙古,科右前旗,/keermiyouqian/
2133,内蒙古,突泉,/tuquan/
2134,内蒙古,科右中旗,/keermiyouzhong/
2135,宁夏,固原,/guyuan1/
2136,宁夏,西吉,/xiji/
2137,宁夏,隆德,/longde/
2138,宁夏,泾源,/jinyuan1/
2139,宁夏,彭阳,/pengyang/
2140,宁夏,原州,/yuanzhou/
2141,宁夏,石嘴山,/shizuishan/
2142,宁夏,惠农,/huinong/
2143,宁夏,平罗,/pingluo/
2144,宁夏,陶乐,/taole/
2145,宁夏,大武口,/dawukouqu/
2146,宁夏,吴忠,/wuzhong/
2147,宁夏,同心,/tongxin/
2148,宁夏,盐池,/yanchi/
2149,宁夏,青铜峡,/qingtongxia/
2150,宁夏,利通,/litongqu/
2151,宁夏,红寺堡,/hongsipuqu/
2152,宁夏,银川,/yinchuan/
2153,宁夏,永宁,/yongning/
2154,宁夏,灵武,/lingwu/
2155,宁夏,贺兰,/helan/
2156,宁夏,兴庆,/xingqingqu/
2157,宁夏,西夏,/xixiaqu/
2158,宁夏,金凤,/jinfengqu/
2159,宁夏,中卫,/zhongwei/
2160,宁夏,中宁,/zhongning/
2161,宁夏,海原,/haiyuan/
2162,宁夏,沙坡头,/shapotouqu/
2163,青海,格尔木,/geermu/
2164,青海,都兰,/dulan/
2165,青海,天峻,/tianjun/
2166,青海,乌兰,/wulan/
2167,青海,德令哈,/delingha/
2168,青海,果洛,/guoluo/
2169,青海,班玛,/banma/
2170,青海,甘德,/gande/
2171,青海,达日,/dari/
2172,青海,久治,/jiuzhi/
2173,青海,玛多,/madu/
2174,青海,多县,/duoxian1/
2175,青海,玛沁,/maqin/
2176,青海,海北,/haibei/
2177,青海,门源,/menyuan/
2178,青海,祁连,/qilian/
2179,青海,海晏,/haiman/
2180,青海,刚察,/gangcha/
2181,青海,海东,/haidong/
2182,青海,乐都,/ledu/
2183,青海,民和,/minhe/
2184,青海,互助,/huzhu/
2185,青海,化隆,/hualong/
2186,青海,循化,/xunhua/
2187,青海,冷湖,/lenghu/
2188,青海,平安,/pingan/
2189,青海,海南州,/hainanzhou/
2190,青海,海南,/hainan/
2191,青海,贵德,/guide/
2192,青海,兴海,/xinghai/
2193,青海,贵南,/guinan/
2194,青海,同德,/tongde/
2195,青海,共和,/gonghe/
2196,青海,海西,/haixi/
2197,青海,茫崖,/mangai/
2198,青海,大柴旦,/dachaidan/
2199,青海,黄南,/huangnan/
2200,青海,尖扎,/jianzha/
2201,青海,泽库,/zeku/
2202,青海,河南,/henan1/
2203,青海,同仁,/tongren1/
2204,青海,河南蒙古族,/henanmengguzu/
2205,青海,西宁,/xining/
2206,青海,大通回族,/datonghuizu/
2207,青海,湟源,/huangyuan/
2208,青海,湟中,/huangzhong/
2209,青海,城东,/chengdongqu/
2210,青海,城西,/chengxiqu/
2211,青海,城北,/chengbeiqu/
2212,青海,西宁城中,/xiningchengzhongqu/
2213,青海,玉树,/yushu1/
2214,青海,称多,/chenduo/
2215,青海,治多,/zhiduo/
2216,青海,杂多,/zaduo/
2217,青海,囊谦,/nangqian/
2218,青海,曲麻莱,/qumacai/
2219,山东,滨州,/binzhou/
2220,山东,博兴,/boxing/
2221,山东,无棣,/wudi/
2222,山东,阳信,/yangxin/
2223,山东,惠民,/huimin/
2224,山东,沾化,/zhanhua/
2225,山东,邹平,/zouping/
2226,山东,滨城,/binxianqu/
2227,山东,德州,/dezhou/
2228,山东,武城,/wucheng/
2229,山东,临邑,/linyi1/
2230,山东,陵城,/lingxian/
2231,山东,齐河,/qihe/
2232,山东,乐陵,/leling/
2233,山东,庆云,/qingyun/
2234,山东,平原,/pingyuan/
2235,山东,宁津,/ningjin1/
2236,山东,夏津,/xiajin/
2237,山东,禹城,/yucheng/
2238,山东,德城,/decheng/
2239,山东,东营,/dongying/
2240,山东,河口,/hekou/
2241,山东,垦利,/kenli/
2242,山东,利津,/lijin/
2243,山东,广饶,/guangrao/
2244,山东,东营区,/dongyingqu/
2245,山东,菏泽,/heze/
2246,山东,鄄城,/juancheng/
2247,山东,郓城,/yuncheng1/
2248,山东,东明,/dongming/
2249,山东,定陶,/dingtao/
2250,山东,巨野,/juye/
2251,山东,曹县,/caoxian/
2252,山东,成武,/chengwu/
2253,山东,单县,/shanxian/
2254,山东,牡丹,/mudanqu/
2255,山东,济南,/jinan/
2256,山东,长清,/changqing/
2257,山东,商河,/shanghe/
2258,山东,章丘,/zhangqiu/
2259,山东,平阴,/pingyin/
2260,山东,济阳,/jiyang/
2261,山东,济南市中,/jinanshizhong/
2262,山东,历下,/lixiaqu/
2263,山东,槐荫区 ,/kuaiyinqu/
2264,山东,天桥,/tianqiaoqu/
2265,山东,历城,/jinanlicheng/
2266,山东,槐荫,/jinanhuaiyin/
2267,山东,济宁,/jining1/
2268,山东,嘉祥,/jiaxiang/
2269,山东,微山,/weishan/
2270,山东,鱼台,/yutai/
2271,山东,兖州,/yanzhou/
2272,山东,金乡,/jinxiang/
2273,山东,汶上,/wenshang/
2274,山东,泗水,/sishui/
2275,山东,梁山,/liangshan/
2276,山东,曲阜,/qufu/
2277,山东,邹城,/zoucheng/
2278,山东,任城,/renchengqu/
2279,山东,莱芜,/laiwu/
2280,山东,莱城,/laicheng/
2281,山东,钢城,/gangchengqu/
2282,山东,聊城,/liaocheng/
2283,山东,冠县,/guanxian/
2284,山东,阳谷,/yanggu/
2285,山东,高唐,/gaotang/
2286,山东,茌平,/chiping/
2287,山东,东阿,/donge/
2288,山东,临清,/linqing/
2289,山东,莘县,/shenxian/
2290,山东,东昌府,/dongchangfu/
2291,山东,临沂,/linyi2/
2292,山东,莒南,/junan/
2293,山东,沂南,/yinan/
2294,山东,临沭,/linshu/
2295,山东,郯城,/tancheng/
2296,山东,蒙阴,/mengyin/
2297,山东,平邑,/pingyi/
2298,山东,费县,/feixian/
2299,山东,沂水,/yishui/
2300,山东,兰山,/lanshanqu/
2301,山东,罗庄,/luozhuangqu/
2302,山东,临沂河东,/lingyihedong/
2303,山东,兰陵,/lanlingxian/
2304,山东,青岛,/qingdao/
2305,山东,崂山,/laoshan/
2306,山东,即墨,/jimo/
2307,山东,胶州,/jiaozhou/
2308,山东,胶南,/jiaonan/
2309,山东,莱西,/laixi/
2310,山东,平度,/pingdu/
2311,山东,黄岛,/huangdao/
2312,山东,市北,/shibeiqu/
2313,山东,市南,/shinan/
2314,山东,李沧,/licangqu/
2315,山东,城阳,/chengyangqu/
2316,山东,日照,/rizhao/
2317,山东,五莲,/wulian/
2318,山东,莒县,/juxian/
2319,山东,东港,/donggangqu/
2320,山东,岚山,/rizhaolanshan/
2321,山东,泰安,/taian1/
2322,山东,新泰,/xintai/
2323,山东,肥城,/feicheng/
2324,山东,东平,/dongping/
2325,山东,宁阳,/ningyang/
2326,山东,泰山,/taishanqu/
2327,山东,岱岳,/daiyuequ/
2328,山东,潍坊,/weifang/
2329,山东,青州,/qingzhou/
2330,山东,寿光,/shouguang/
2331,山东,临朐,/linqu/
2332,山东,昌乐,/changle/
2333,山东,昌邑,/changyi/
2334,山东,安丘,/anqiu/
2335,山东,高密,/gaomi/
2336,山东,诸城,/zhucheng/
2337,山东,安次,/anciqu/
2338,山东,广阳,/guangyangqu/
2339,山东,潍城,/weichengqu/
2340,山东,寒亭,/hantingququ/
2341,山东,坊子,/fangziqu/
2342,山东,奎文,/kuiwenqu/
2343,山东,威海,/weihai/
2344,山东,文登,/wendeng/
2345,山东,荣成,/rongcheng2/
2346,山东,乳山,/rushan/
2347,山东,环翠,/huancuiqu/
2348,山东,烟台,/yantai/
2349,山东,莱州,/laizhou/
2350,山东,长岛,/changdao/
2351,山东,蓬莱,/penglai/
2352,山东,龙口,/longkou/
2353,山东,招远,/zhaoyuan1/
2354,山东,栖霞,/qixia/
2355,山东,福山,/fushan1/
2356,山东,牟平,/muping/
2357,山东,莱阳,/laiyang/
2358,山东,海阳,/haiyang/
2359,山东,芝罘,/zhifuqu/
2360,山东,莱山,/laishanqu/
2361,山东,枣庄,/zaozhuang/
2362,山东,薛城,/xuecheng/
2363,山东,峄城,/yicheng1/
2364,山东,台儿庄,/taierzhuang/
2365,山东,滕州,/tengzhou/
2366,山东,枣庄市中,/shizhongqu/
2367,山东,山亭,/shantingququ/
2368,山东,淄博,/zibo/
2369,山东,淄川,/zichuan/
2370,山东,博山,/boshan/
2371,山东,高青,/gaoqing/
2372,山东,周村,/zhoucun/
2373,山东,沂源,/yiyuan/
2374,山东,桓台,/huantai/
2375,山东,临淄,/linzi/
2376,山东,张店,/zhangdianqu/
2377,山西,长治,/changzhi/
2378,山西,黎城,/licheng/
2379,山西,屯留,/tunliu/
2380,山西,潞城,/lucheng/
2381,山西,襄垣,/xiangyuan/
2382,山西,平顺,/pingshun/
2383,山西,武乡,/wuxiang/
2384,山西,沁县,/qinxian/
2385,山西,长子,/zhangzi/
2386,山西,沁源,/qinyuan/
2387,山西,壶关,/huguan/
2388,山西,长治郊区,/changzhijiaoqu/
2389,山西,长治区,/changzhixian/
2390,山西,大同,/datong/
2391,山西,阳高,/yanggao/
2392,山西,大同县,/datongxian/
2393,山西,天镇,/tianzhen/
2394,山西,广灵,/guangling/
2395,山西,灵丘,/lingqiu/
2396,山西,浑源,/hunyuan/
2397,山西,左云,/zuoyun/
2398,山西,新荣,/xinrongqu/
2399,山西,南郊,/nanjiaoqu/
2400,山西,晋城,/jincheng/
2401,山西,沁水,/qinshui/
2402,山西,阳城,/yangcheng/
2403,山西,陵川,/lingchuan/
2404,山西,高平,/gaoping/
2405,山西,泽州,/zezhou/
2406,山西,晋中,/jinzhong/
2407,山西,榆次,/yuci/
2408,山西,榆社,/yushe/
2409,山西,左权,/zuoquan/
2410,山西,和顺,/heshun/
2411,山西,昔阳,/xiyang/
2412,山西,寿阳,/shouyang/
2413,山西,太谷,/taigu/
2414,山西,祁县,/qixian/
2415,山西,平遥,/pingyao/
2416,山西,灵石,/lingshi/
2417,山西,介休,/jiexiu/
2418,山西,临汾,/linfen/
2419,山西,曲沃,/quwo/
2420,山西,永和,/yonghe/
2421,山西,隰县,/xixian/
2422,山西,大宁,/daning/
2423,山西,吉县,/jixian/
2424,山西,襄汾,/xiangfen/
2425,山西,蒲县,/puxian/
2426,山西,汾西,/fenxi/
2427,山西,洪洞,/hongtong/
2428,山西,霍州,/huozhou/
2429,山西,乡宁,/xiangning/
2430,山西,翼城,/yicheng/
2431,山西,侯马,/houma/
2432,山西,浮山,/fushan/
2433,山西,安泽,/anze/
2434,山西,古县,/guxian/
2435,山西,尧都,/yaodu/
2436,山西,吕梁,/lvliang/
2437,山西,吕梁离石,/lvlianglishi/
2438,山西,临县,/linxian/
2439,山西,兴县,/xingxian/
2440,山西,岚县,/lanxian/
2441,山西,柳林,/liulin/
2442,山西,石楼,/shilou/
2443,山西,方山,/fangshan1/
2444,山西,交口,/jiaokou/
2445,山西,中阳,/zhongyang/
2446,山西,孝义,/xiaoyi/
2447,山西,汾阳,/fenyang/
2448,山西,文水,/wenshui/
2449,山西,交城,/jiaocheng/
2450,山西,朔州,/shuozhou/
2451,山西,平鲁,/pinglu1/
2452,山西,山阴,/shanyin/
2453,山西,右玉,/youyu/
2454,山西,应县,/yingxian/
2455,山西,怀仁,/huairen/
2456,山西,朔城,/shuocheng/
2457,山西,太原,/taiyuan/
2458,山西,清徐,/qingxu/
2459,山西,阳曲,/yangqu/
2460,山西,娄烦,/loufan/
2461,山西,古交,/gujiao/
2462,山西,尖草坪,/jiancaopingqu/
2463,山西,小店,/xiaodianqu/
2464,山西,迎泽,/yingzequ/
2465,山西,杏花岭,/xinghualing/
2466,山西,万柏林,/wanbolinqu/
2467,山西,晋源,/jinyuanqu/
2468,山西,忻州,/xinzhou/
2469,山西,定襄,/dingxiang/
2470,山西,五台,/wutaixian/
2471,山西,河曲,/hequ/
2472,山西,偏关,/pianguan/
2473,山西,神池,/shenchi/
2474,山西,宁武,/ningwu/
2475,山西,代县,/daixian/
2476,山西,繁峙,/fanshi/
2477,山西,保德,/bode/
2478,山西,静乐,/jingle/
2479,山西,岢岚,/kelan/
2480,山西,五寨,/wuzhai/
2481,山西,原平,/yuanping/
2482,山西,忻府,/xinfuqu/
2483,山西,阳泉,/yangquan/
2484,山西,盂县,/yuxian/
2485,山西,平定,/pingding/
2486,山西,矿区,/kuangqu/
2487,山西,城区,/yangquanjiaoqu/
2488,山西,郊区,/jiaoqu/
2489,山西,运城,/yuncheng/
2490,山西,临猗,/linyi/
2491,山西,稷山,/jishan/
2492,山西,万荣,/wanrong/
2493,山西,河津,/hejin/
2494,山西,新绛,/xinjiang1/
2495,山西,绛县,/jiangxian/
2496,山西,闻喜,/wenxi/
2497,山西,垣曲,/yuanqu/
2498,山西,永济,/yongji1/
2499,山西,芮城,/ruicheng/
2500,山西,夏县,/xiaxian/
2501,山西,平陆,/pinglu/
2502,山西,盐湖,/yanhuqu/
2503,陕西,安康,/ankang/
2504,陕西,紫阳,/ziyang/
2505,陕西,石泉,/shiquan/
2506,陕西,汉阴,/hanyin/
2507,陕西,旬阳,/xunyang/
2508,陕西,岚皋,/langao/
2509,陕西,平利,/pingli/
2510,陕西,白河,/baihe/
2511,陕西,镇坪,/zhenping/
2512,陕西,宁陕,/ningshan/
2513,陕西,汉滨,/hanbinqu/
2514,陕西,宝鸡,/baoji/
2515,陕西,千阳,/qianyang/
2516,陕西,麟游,/linyou/
2517,陕西,岐山,/qishan/
2518,陕西,凤翔,/fengxiang/
2519,陕西,扶风,/fufeng/
2520,陕西,眉县,/meixian/
2521,陕西,太白,/taibai/
2522,陕西,凤县,/fengxian1/
2523,陕西,陇县,/longxian/
2524,陕西,陈仓,/chencang/
2525,陕西,渭滨,/weibin/
2526,陕西,金台,/jintaiqu/
2527,陕西,汉中,/hanzhong/
2528,陕西,略阳,/lueyang/
2529,陕西,勉县,/mianxian/
2530,陕西,留坝,/liuba/
2531,陕西,洋县,/yangxian/
2532,陕西,城固,/chenggu/
2533,陕西,西乡,/xixiang/
2534,陕西,佛坪,/fuoping/
2535,陕西,宁强,/ningqiang/
2536,陕西,南郑,/nanzheng/
2537,陕西,镇巴,/zhenba/
2538,陕西,汉台,/hantaiqu/
2539,陕西,商洛,/shangluo/
2540,陕西,洛南,/luonan/
2541,陕西,柞水,/zhashui/
2542,陕西,商州,/shangzhou/
2543,陕西,镇安,/zhenan/
2544,陕西,丹凤,/danfeng/
2545,陕西,商南,/shangnan/
2546,陕西,山阳,/shanyang/
2547,陕西,铜川,/tongchuan/
2548,陕西,耀县,/yaoxian/
2549,陕西,宜君,/yijun/
2550,陕西,耀州,/yaozhou/
2551,陕西,王益,/wangyiqu/
2552,陕西,印台,/yintaiqu/
2553,陕西,渭南,/weinan/
2554,陕西,华县,/huaxian/
2555,陕西,潼关,/tongguan/
2556,陕西,大荔,/dali/
2557,陕西,白水,/baishui/
2558,陕西,富平,/fuping1/
2559,陕西,蒲城,/pucheng/
2560,陕西,澄城,/chengcheng/
2561,陕西,合阳,/heyang/
2562,陕西,韩城,/hancheng/
2563,陕西,华阴,/huayin/
2564,陕西,临渭,/linweiqu/
2565,陕西,华州,/huazhouqu/
2566,陕西,西安,/xian/
2567,陕西,长安,/changan/
2568,陕西,临潼,/lintong/
2569,陕西,蓝田,/lantian/
2570,陕西,周至,/zhouzhi/
2571,陕西,户县,/huxian/
2572,陕西,高陵,/gaoling/
2573,陕西,新城,/xincheng/
2574,陕西,碑林,/beilin/
2575,陕西,莲湖,/lianhuqu/
2576,陕西,灞桥,/baqiaoqu/
2577,陕西,未央,/weiyangqu/
2578,陕西,雁塔,/yantaqu/
2579,陕西,阎良,/yanliangqu/
2580,陕西,咸阳,/xianyang/
2581,陕西,三原,/sanyuan/
2582,陕西,礼泉,/liquan/
2583,陕西,永寿,/yongshou/
2584,陕西,淳化,/chunhua/
2585,陕西,泾阳,/jingyang/
2586,陕西,武功,/wugong/
2587,陕西,乾县,/qianxian/
2588,陕西,彬县,/binxian1/
2589,陕西,长武,/changwu/
2590,陕西,旬邑,/xunyi/
2591,陕西,兴平,/xingping/
2592,陕西,秦都,/qinduqu/
2593,陕西,杨陵,/yangling/
2594,陕西,渭城,/weicheng/
2595,陕西,延安,/yanan/
2596,陕西,延长,/yanchang/
2597,陕西,延川,/yanchuan/
2598,陕西,子长,/zichang/
2599,陕西,宜川,/yichuan/
2600,陕西,富县,/fuxian/
2601,陕西,志丹,/zhidan/
2602,陕西,安塞,/ansai/
2603,陕西,甘泉,/ganquan/
2604,陕西,洛川,/luochuan/
2605,陕西,黄陵,/huangling/
2606,陕西,黄龙,/huanglong/
2607,陕西,吴起,/wuqi/
2608,陕西,宝塔,/baotaqu/
2609,陕西,榆林,/yulin/
2610,陕西,府谷,/fugu/
2611,陕西,神木,/shenmu/
2612,陕西,佳县,/jiaxian/
2613,陕西,定边,/dingbian/
2614,陕西,靖边,/jingbian/
2615,陕西,横山,/hengshan/
2616,陕西,米脂,/mizhi/
2617,陕西,子洲,/zizhou/
2618,陕西,绥德,/suide/
2619,陕西,吴堡,/wubu/
2620,陕西,清涧,/qingjian/
2621,陕西,榆阳,/yuyang/
2622,陕西,榆阳区,/yuyangqu/
2623,四川,阿坝州,/aba/
2624,四川,阿坝,/aba/
2625,四川,汶川,/wenchuan/
2626,四川,理县,/lixian3/
2627,四川,茂县,/maoxian/
2628,四川,松潘,/songpan/
2629,四川,九寨沟,/jiuzhaigou/
2630,四川,金川,/jinchuan/
2631,四川,小金,/xiaojin/
2632,四川,黑水,/heishui/
2633,四川,马尔康,/maerkang/
2634,四川,壤塘,/rangtang/
2635,四川,若尔盖,/nuoergai/
2636,四川,红原,/hongyuan/
2637,四川,巴中,/bazhong/
2638,四川,通江,/tongjiang1/
2639,四川,南江,/nanjiang/
2640,四川,平昌,/pingchang/
2641,四川,恩阳,/enyang/
2642,四川,成都,/chengdu/
2643,四川,龙泉驿,/longquanyi/
2644,四川,新都,/xindu/
2645,四川,温江,/wenjiang/
2646,四川,金堂,/jintang/
2647,四川,双流,/shuangliu/
2648,四川,郫县,/pixian/
2649,四川,大邑,/dayi/
2650,四川,蒲江,/pujiang1/
2651,四川,新津,/xinjin/
2652,四川,锦江,/jinjiangqu/
2653,四川,金牛,/jinniuqu/
2654,四川,成华,/chenghuaqu/
2655,四川,武侯,/wuhouqu/
2656,四川,青羊,/qingyangqu/
2657,四川,青白江,/qingbaijiangqu/
2658,四川,简阳,/jianyang1/
2659,四川,达州,/dazhou/
2660,四川,宣汉,/xuanhan/
2661,四川,开江,/kaijiang/
2662,四川,大竹,/dazhu/
2663,四川,渠县,/quxian/
2664,四川,万源,/wanyuan/
2665,四川,达川,/dachuan/
2666,四川,达县,/daxian/
2667,四川,通川,/tongchuanqu/
2668,四川,德阳,/deyang/
2669,四川,中江,/zhongjiang/
2670,四川,广汉,/guanghan/
2671,四川,什邡,/shifang/
2672,四川,绵竹,/mianzhu/
2673,四川,罗江,/luojiang/
2674,四川,旌阳,/jingyangqu/
2675,四川,甘孜州,/ganzi/
2676,四川,康定,/kangding/
2677,四川,泸定,/luding/
2678,四川,丹巴,/danba/
2679,四川,九龙,/jiulong/
2680,四川,雅江,/yajiang/
2681,四川,道孚,/daofu/
2682,四川,炉霍,/luhuo/
2683,四川,新龙,/xinlong/
2684,四川,德格,/dege/
2685,四川,白玉,/baiyu/
2686,四川,石渠,/shiqu/
2687,四川,色达,/seda/
2688,四川,理塘,/litang/
2689,四川,巴塘,/batang/
2690,四川,乡城,/xiangchengxian/
2691,四川,稻城,/daocheng/
2692,四川,得荣,/derong/
2693,四川,广安,/guangan/
2694,四川,岳池,/yuechi/
2695,四川,武胜,/wusheng/
2696,四川,邻水,/linshui/
2697,四川,广安区,/guanganqu/
2698,四川,前锋,/qianfeng/
2699,四川,广元,/guangyuan/
2700,四川,旺苍,/wangcang/
2701,四川,青川,/qingchuan/
2702,四川,剑阁,/jiange/
2703,四川,苍溪,/cangxi/
2704,四川,利州,/lizhou/
2705,四川,元坝,/yuanbaqu/
2706,四川,朝天,/chaotianqu/
2707,四川,昭化,/zhaohuaqu/
2708,四川,乐山,/leshan/
2709,四川,犍为,/qianwei/
2710,四川,井研,/jingyan/
2711,四川,夹江,/jiajiang/
2712,四川,沐川,/muchuan/
2713,四川,峨边,/ebian/
2714,四川,马边,/mabian/
2715,四川,峨眉,/emei/
2716,四川,峨眉山,/emeishan/
2717,四川,金口河,/jinkouhequ/
2718,四川,五通桥,/wutongqiaoqu/
2719,四川,沙湾,/shawanqu/
2720,四川,凉山,/liangshan1/
2721,四川,木里,/muli/
2722,四川,盐源,/yanyuan/
2723,四川,德昌,/dechang/
2724,四川,会理,/huili/
2725,四川,会东,/huidong/
2726,四川,宁南,/ningnan/
2727,四川,普格,/puge/
2728,四川,西昌,/xichang/
2729,四川,金阳,/jinyang/
2730,四川,昭觉,/zhaojue/
2731,四川,喜德,/xide/
2732,四川,冕宁,/mianning/
2733,四川,越西,/yuexizian/
2734,四川,甘洛,/ganluo/
2735,四川,雷波,/leibo/
2736,四川,美姑,/meigu/
2737,四川,布拖,/butuo/
2738,四川,泸州,/luzhou/
2739,四川,泸县,/luxian/
2740,四川,合江,/hejiang/
2741,四川,叙永,/xuyong/
2742,四川,古蔺,/gulin/
2743,四川,纳溪,/naxi/
2744,四川,龙马潭,/longmatan/
2745,四川,江阳,/jiangyangqu/
2746,四川,眉山,/meishan/
2747,四川,仁寿,/renshou/
2748,四川,彭山,/pengshan/
2749,四川,洪雅,/hongya/
2750,四川,丹棱,/danleng/
2751,四川,青神,/qingshen/
2752,四川,东坡,/dongpoqu/
2753,四川,绵阳,/mianyang/
2754,四川,三台,/santai/
2755,四川,盐亭,/yanting/
2756,四川,安县,/anxian/
2757,四川,梓潼,/zitong/
2758,四川,北川,/beichuan/
2759,四川,平武,/pingwu/
2760,四川,江油,/jiangyou/
2761,四川,涪城,/fuchengqu/
2762,四川,游仙,/youxianqu/
2763,四川,安州,/anzhouqu/
2764,四川,南充,/nanchong/
2765,四川,南部,/nanbu/
2766,四川,营山,/yingshanxian/
2767,四川,蓬安,/pengan/
2768,四川,仪陇,/yilong/
2769,四川,西充,/xichong/
2770,四川,阆中,/langzhong/
2771,四川,嘉陵,/jialingqu/
2772,四川,高坪,/gaopingqu/
2773,四川,顺庆,/shunqing/
2774,四川,内江,/neijiang/
2775,四川,东兴,/dongxing/
2776,四川,威远,/weiyuanxian/
2777,四川,资中,/zizhong/
2778,四川,隆昌,/longchang/
2779,四川,攀枝花,/panzhihua/
2780,四川,仁和,/renhe/
2781,四川,米易,/miyi/
2782,四川,盐边,/yanbian1/
2783,四川,攀枝花东区,/panzhihuadongqu/
2784,四川,攀枝花西区,/panzhihuaxiqu/
2785,四川,遂宁,/suining1/
2786,四川,蓬溪,/pengxi/
2787,四川,射洪,/shehong/
2788,四川,大英,/dayinqu/
2789,四川,船山,/chuanshanqu/
2790,四川,安居,/anjuqu/
2791,四川,雅安,/yaan/
2792,四川,名山,/mingshan/
2793,四川,荥经,/yingjing/
2794,四川,汉源,/hanyuan/
2795,四川,石棉,/shimian/
2796,四川,天全,/tianquan/
2797,四川,芦山,/lushanxian/
2798,四川,宝兴,/baoxing/
2799,四川,雨城,/yuchengqu/
2800,四川,宜宾,/yibin/
2801,四川,宜宾县,/yibinxian/
2802,四川,南溪,/nanxi/
2803,四川,江安,/jiangan/
2804,四川,长宁,/chan gning/
2805,四川,高县,/gaoxian/
2806,四川,珙县,/gongxian/
2807,四川,筠连,/junlian/
2808,四川,兴文,/xingwen/
2809,四川,屏山,/pingshanxian/
2810,四川,翠屏,/cuipingqu/
2811,四川,自贡,/zigong/
2812,四川,富顺,/fu shun/
2813,四川,荣县,/rongxian/
2814,四川,贡井,/gongjingqu/
2815,四川,自流井,/ziliujingqu/
2816,四川,沿滩,/yantanqu/
2817,四川,大安,/daanqu/
2818,四川,资阳,/ziyang1/
2819,四川,安岳,/anyue/
2820,四川,乐至,/lezhi/
2821,四川,雁江,/yanjiangqu/
2822,西藏,阿里,/ali/
2823,西藏,改则,/gaize/
2824,西藏,申扎,/shenzha/
2825,西藏,普兰,/pulan/
2826,西藏,札达,/zhada/
2827,西藏,噶尔,/gaer/
2828,西藏,日土,/ritu/
2829,西藏,革吉,/geji/
2830,西藏,措勤,/cuoqin/
2831,西藏,昌都,/changdu/
2832,西藏,丁青,/dingqing/
2833,西藏,边坝,/bianba/
2834,西藏,洛隆,/luolong/
2835,西藏,左贡,/zuogong/
2836,西藏,芒康,/mangkang/
2837,西藏,类乌齐,/leiwuqi/
2838,西藏,八宿,/basu/
2839,西藏,江达,/jiangda/
2840,西藏,察雅,/chaya/
2841,西藏,贡觉,/gongjue/
2842,西藏,卡若,/keruoqu/
2843,西藏,拉萨,/lasa/
2844,西藏,当雄,/dangxiong/
2845,西藏,尼木,/nimu/
2846,西藏,林周,/linzhou1/
2847,西藏,堆龙德庆,/duilongdeqing/
2848,西藏,曲水,/qushui/
2849,西藏,达孜,/dazi/
2850,西藏,墨竹工卡,/mozhugongka/
2851,西藏,拉萨城关,/lasachengguanqu/
2852,西藏,那曲地,/nagqu/
2853,西藏,林芝,/linzhi/
2854,西藏,波密,/bomi/
2855,西藏,米林,/milin/
2856,西藏,察隅,/chayu/
2857,西藏,工布江达,/gongbujiangda/
2858,西藏,朗县,/langxian/
2859,西藏,墨脱,/motuo/
2860,西藏,巴宜,/bayiqu/
2861,西藏,那曲,/naqu/
2862,西藏,那曲,/naqu/
2863,西藏,尼玛,/nima/
2864,西藏,嘉黎,/jiali/
2865,西藏,班戈,/bange/
2866,西藏,安多,/anduo/
2867,西藏,索县,/suoxian/
2868,西藏,聂荣,/nierong/
2869,西藏,巴青,/baqing/
2870,西藏,比如,/biru/
2871,西藏,双湖,/shuanghu/
2872,西藏,日喀则,/rikaze/
2873,西藏,拉孜,/lazi/
2874,西藏,南木林,/nanmulin/
2875,西藏,聂拉木,/nielamu/
2876,西藏,定日,/dingri/
2877,西藏,江孜,/jiangzi/
2878,西藏,帕里,/pali/
2879,西藏,仲巴,/zhongba/
2880,西藏,萨嘎,/saga/
2881,西藏,吉隆,/jilong/
2882,西藏,昂仁,/angren/
2883,西藏,定结,/dingjie/
2884,西藏,萨迦,/sajia/
2885,西藏,谢通门,/xietongmen/
2886,西藏,岗巴,/gangba/
2887,西藏,白朗,/bailang/
2888,西藏,亚东,/yadong/
2889,西藏,康马,/kangma/
2890,西藏,仁布,/renbu/
2891,西藏,日喀则地区,/shigatsequ/
2892,西藏,桑珠孜,/sangzhuzi/
2893,西藏,山南,/shannan/
2894,西藏,贡嘎,/gongga/
2895,西藏,扎囊,/zhanang/
2896,西藏,加查,/jiacha/
2897,西藏,浪卡子,/langkazi/
2898,西藏,错那,/cuona/
2899,西藏,隆子,/longzi/
2900,西藏,泽当,/zedang/
2901,西藏,乃东,/naidong/
2902,西藏,桑日,/sangri/
2903,西藏,洛扎,/luozha/
2904,西藏,措美,/cuomei/
2905,西藏,琼结,/qiongjie/
2906,西藏,曲松,/qusong/
2907,新疆,阿克苏,/akesu/
2908,新疆,乌什,/wushi/
2909,新疆,温宿,/wensu/
2910,新疆,拜城,/baicheng1/
2911,新疆,新和,/xinhe1/
2912,新疆,沙雅,/shaya/
2913,新疆,库车,/kuche/
2914,新疆,柯坪,/keping/
2915,新疆,阿瓦提,/awati/
2916,新疆,阿瓦提,/awat/
2917,新疆,阿拉尔,/alaer/
2918,新疆,阿拉尔,/alaer/
2919,新疆,阿勒泰,/aletai/
2920,新疆,哈巴河,/habahe/
2921,新疆,吉木乃,/jimunai/
2922,新疆,布尔津,/buerjin/
2923,新疆,福海,/fuhai/
2924,新疆,富蕴,/fuyun/
2925,新疆,青河,/qinghe1/
2926,新疆,巴音郭楞,/bazhou1/
2927,新疆,库尔勒,/kuerle/
2928,新疆,轮台,/luntai/
2929,新疆,尉犁,/yuli/
2930,新疆,若羌,/ruoqiang/
2931,新疆,且末,/qiemo/
2932,新疆,和静,/hejing/
2933,新疆,焉耆,/yanqi/
2934,新疆,和硕,/heshuo/
2935,新疆,巴音布鲁克,/bayinbuluke/
2936,新疆,铁干里克,/tieganlike/
2937,新疆,博湖,/bohu/
2938,新疆,塔中,/tazhong/
2939,新疆,巴仑台,/baluntai/
2940,新疆,博州,/bozhou/
2941,新疆,博乐,/bole/
2942,新疆,温泉,/wenquan/
2943,新疆,精河,/jinghe/
2944,新疆,阿拉山口,/alashankou/
2945,新疆,昌吉回族,/changji/
2946,新疆,昌吉,/changji/
2947,新疆,呼图壁,/hutubi/
2948,新疆,米泉,/miquan/
2949,新疆,阜康,/fukang/
2950,新疆,吉木萨尔,/jimusaer/
2951,新疆,奇台,/qitai/
2952,新疆,玛纳斯,/manasi/
2953,新疆,木垒,/mulei/
2954,新疆,蔡家湖,/caijiahu/
2955,新疆,哈密,/hami/
2956,新疆,伊州,/hamiyizhou/
2957,新疆,巴里坤,/balikun/
2958,新疆,伊吾,/yiwu/
2959,新疆,和田,/hetian/
2960,新疆,皮山,/pishan/
2961,新疆,策勒,/cele/
2962,新疆,墨玉,/moyu/
2963,新疆,洛浦,/luopu/
2964,新疆,民丰,/mingfeng/
2965,新疆,于田,/yutian1/
2966,新疆,和田县,/ketianxian/
2967,新疆,喀什,/kashi/
2968,新疆,英吉沙,/yingjisha/
2969,新疆,塔什库尔干,/tashikuergan/
2970,新疆,麦盖提,/maigaiti/
2971,新疆,莎车,/shache/
2972,新疆,叶城,/yecheng/
2973,新疆,泽普,/zepu/
2974,新疆,巴楚,/bachu/
2975,新疆,岳普湖,/yuepuhu/
2976,新疆,伽师,/jiashi/
2977,新疆,疏附,/shufu/
2978,新疆,疏勒,/shule/
2979,新疆,喀什市,/tashishi/
2980,新疆,克拉玛依,/kelamayi/
2981,新疆,乌尔禾,/wuerhe/
2982,新疆,白碱滩,/baijiantan/
2983,新疆,独山子,/dushanziqu/
2984,新疆,克拉玛依区,/kelamayiqu/
2985,新疆,克州,/kezhou/
2986,新疆,阿图什,/atushi/
2987,新疆,乌恰,/wuqia/
2988,新疆,阿克陶,/aketao/
2989,新疆,阿合奇,/aheqi/
2990,新疆,石河子,/shihezi/
2991,新疆,炮台,/paotai/
2992,新疆,莫索湾,/mosuowan/
2993,新疆,塔城,/tacheng/
2994,新疆,裕民,/yumin/
2995,新疆,额敏,/emin/
2996,新疆,和布克赛尔,/hebukesaier/
2997,新疆,托里,/tuoli/
2998,新疆,乌苏,/wusu/
2999,新疆,沙湾,/shawan/
3000,新疆,铁门关,/tiemenguan/
3001,新疆,铁门关,/tiemenguan/
3002,新疆,吐鲁番,/tulufan/
3003,新疆,托克逊,/tuokexun/
3004,新疆,鄯善,/shanshan/
3005,新疆,高昌,/gaochang/
3006,新疆,图木舒克,/tumushuke/
3007,新疆,图木舒克,/tumushuke/
3008,新疆,五家渠,/wujiaqu/
3009,新疆,五家渠,/wujiaqu/
3010,新疆,乌鲁木齐,/wulumuqi/
3011,新疆,达坂城,/dabancheng/
3012,新疆,乌市牧试站,/wulumuqimushizhan/
3013,新疆,新市,/xinshiqu/
3014,新疆,天山,/tianshan/
3015,新疆,沙依巴克,/saybaghqu/
3016,新疆,水磨沟,/shuimogouqu/
3017,新疆,头屯河,/toutunhequ/
3018,新疆,米东,/midongqu/
3019,新疆,乌鲁木齐县,/wulumuqixian/
3020,新疆,伊宁,/yining/
3021,新疆,察布查尔,/chabuchaer/
3022,新疆,尼勒克,/nileke/
3023,新疆,伊宁县,/yiningxian/
3024,新疆,巩留,/gongliu/
3025,新疆,新源,/xinyuan/
3026,新疆,昭苏,/zhaosu/
3027,新疆,特克斯,/tekesi/
3028,新疆,霍城,/huocheng/
3029,新疆,霍尔果斯,/huoerguosi/
3030,新疆,奎屯,/kuitunshi/
3031,云南,保山,/baoshan1/
3032,云南,龙陵,/longling/
3033,云南,施甸,/sidian/
3034,云南,昌宁,/changningxian/
3035,云南,腾冲,/tengchong/
3036,云南,隆阳,/longyangqu/
3037,云南,楚雄州,/chuxiong/
3038,云南,楚雄,/chuxiong/
3039,云南,大姚,/dayao/
3040,云南,元谋,/yuanmou/
3041,云南,姚安,/yaoan/
3042,云南,牟定,/mouding/
3043,云南,南华,/nanhua/
3044,云南,武定,/wuding/
3045,云南,禄丰,/lufengxian/
3046,云南,双柏,/shuangbai/
3047,云南,永仁,/yongren/
3048,云南,大理州,/dali1/
3049,云南,云龙,/yunlong/
3050,云南,漾濞,/yangbi/
3051,云南,永平,/yongping/
3052,云南,宾川,/binchuan/
3053,云南,弥渡,/midu/
3054,云南,祥云,/xiangyun/
3055,云南,巍山,/weishanxian/
3056,云南,剑川,/jianchuan/
3057,云南,洱源,/eryuan/
3058,云南,鹤庆,/heqing/
3059,云南,南涧,/nanjian/
3060,云南,德宏,/dehong/
3061,云南,德宏,/dehong/
3062,云南,陇川,/longchuanxian/
3063,云南,盈江,/yingjiang/
3064,云南,瑞丽,/ruilishi/
3065,云南,梁河,/lianghe/
3066,云南,潞西,/luxixian/
3067,云南,芒市,/mangshi/
3068,云南,芒市区,/mangshiqu/
3069,云南,迪庆,/diqing/
3070,云南,香格里拉,/xianggelila/
3071,云南,德钦,/deqin/
3072,云南,维西,/weixi/
3073,云南,中甸,/zhongdian/
3074,云南,红河州,/honghe/
3075,云南,红河,/honghe/
3076,云南,石屏,/shiping/
3077,云南,建水,/jianshui/
3078,云南,弥勒,/mile/
3079,云南,元阳,/yuanyangxian/
3080,云南,绿春,/lvchun/
3081,云南,开远,/kaiyuan1/
3082,云南,个旧,/gejiu/
3083,云南,蒙自,/mengzi/
3084,云南,屏边,/pingbian/
3085,云南,泸西,/lu xi/
3086,云南,河口,/he kou/
3087,云南,金平苗族,/jinpingmiaozu/
3088,云南,昆明,/kunming/
3089,云南,五华,/wuhuaqu/
3090,云南,东川,/dongchuan/
3091,云南,寻甸,/xundian/
3092,云南,晋宁,/jinning/
3093,云南,宜良,/yiliang/
3094,云南,石林,/shilin/
3095,云南,呈贡,/chenggong/
3096,云南,富民,/fumin/
3097,云南,嵩明,/songming/
3098,云南,禄劝,/luquan/
3099,云南,安宁,/anning/
3100,云南,盘龙,/panlong/
3101,云南,官渡,/guanduqu/
3102,云南,西山,/xishanqu/
3103,云南,丽江,/lijiang/
3104,云南,永胜,/yongsheng/
3105,云南,华坪,/huaping/
3106,云南,宁蒗,/ninglang/
3107,云南,玉龙,/yulongnaxi/
3108,云南,临沧,/lincang/
3109,云南,沧源,/cangyuan/
3110,云南,耿马,/gengma/
3111,云南,双江,/shuangjiang/
3112,云南,凤庆,/fengqing/
3113,云南,永德,/yongde/
3114,云南,云县,/yunxian/
3115,云南,镇康,/zhenkang/
3116,云南,临翔,/linxiangqu/
3117,云南,怒江州,/nujiang/
3118,云南,福贡,/fugong/
3119,云南,兰坪,/lanping/
3120,云南,泸水,/lushui/
3121,云南,六库,/liuku/
3122,云南,贡山,/gongshan/
3123,云南,普洱,/puer/
3124,云南,景谷,/jinggu/
3125,云南,景东,/jingdong/
3126,云南,澜沧,/lancang/
3127,云南,墨江,/mojiang/
3128,云南,江城,/jiangcheng/
3129,云南,孟连,/menglian/
3130,云南,西盟,/ximeng/
3131,云南,镇沅,/zhenyuanxian/
3132,云南,宁洱,/ninger/
3133,云南,思茅,/simao/
3134,云南,江城哈尼族,/jiangchengha/
3135,云南,曲靖,/qujing/
3136,云南,沾益,/zhanyi/
3137,云南,陆良,/luliang/
3138,云南,富源,/fuyuanxian/
3139,云南,马龙,/malong/
3140,云南,师宗,/shizong/
3141,云南,罗平,/luoping/
3142,云南,会泽,/huize/
3143,云南,宣威,/xuanwei/
3144,云南,麒麟,/qilinqu/
3145,云南,文山州,/wenshan/
3146,云南,文山,/wenshan/
3147,云南,西畴,/xichou/
3148,云南,马关,/maguan/
3149,云南,麻栗坡,/malipo/
3150,云南,砚山,/yanshanxian/
3151,云南,丘北,/qiubei/
3152,云南,广南,/guangnan/
3153,云南,富宁,/funingxian/
3154,云南,西双版纳,/xishuangbanna/
3155,云南,景洪,/jinghongshi/
3156,云南,勐海,/menghai/
3157,云南,勐腊,/menglaxian/
3158,云南,玉溪,/yuxi/
3159,云南,澄江,/chengjiang/
3160,云南,江川,/jiangchuan/
3161,云南,通海,/tonghai/
3162,云南,华宁,/huaning/
3163,云南,新平,/xinping/
3164,云南,易门,/yimen/
3165,云南,峨山,/eshan/
3166,云南,元江,/yuanjiangxian/
3167,云南,红塔,/hongtaqu/
3168,云南,昭通,/zhaotong/
3169,云南,鲁甸,/ludian/
3170,云南,彝良,/yiliangxian/
3171,云南,镇雄,/zhenxiong/
3172,云南,威信,/weixin/
3173,云南,巧家,/qiaojia/
3174,云南,绥江,/suijiang/
3175,云南,永善,/yongshan/
3176,云南,盐津,/yanjinxian/
3177,云南,大关,/daguan/
3178,云南,水富,/shuifu/
3179,云南,昭阳,/zhaoyangqu/
3180,浙江,杭州,/hangzhou/
3181,浙江,萧山,/xiaoshan/
3182,浙江,桐庐,/tonglu/
3183,浙江,淳安,/chunan/
3184,浙江,建德,/jiande/
3185,浙江,余杭,/yuhang/
3186,浙江,临安,/linan/
3187,浙江,富阳,/fuyang/
3188,浙江,上城,/shangchengqu/
3189,浙江,下城,/xiachengqu/
3190,浙江,江干,/jiangganqu/
3191,浙江,拱墅,/gongshuqu/
3192,浙江,西湖,/xihu/
3193,浙江,滨江,/binjianqu/
3194,浙江,湖州,/huzhou/
3195,浙江,长兴,/changxing/
3196,浙江,安吉,/anji/
3197,浙江,德清,/deqing/
3198,浙江,南浔,/nanxun/
3199,浙江,吴兴,/wuxingqu/
3200,浙江,嘉兴,/jiaxing/
3201,浙江,嘉善,/jiashan/
3202,浙江,海宁,/haining/
3203,浙江,桐乡,/tongxiang/
3204,浙江,平湖,/pinghu/
3205,浙江,海盐,/haiyan1/
3206,浙江,南湖,/nanhuqu/
3207,浙江,秀洲,/xiuzhouqu/
3208,浙江,金华,/jinhua/
3209,浙江,浦江,/pujiang/
3210,浙江,兰溪,/lanxi1/
3211,浙江,义乌,/yiwu1/
3212,浙江,东阳,/dongyang/
3213,浙江,武义,/wuyi1/
3214,浙江,永康,/yongkang/
3215,浙江,磐安,/panan/
3216,浙江,横店,/hengdian/
3217,浙江,婺城,/wuchengqu/
3218,浙江,金东,/jindongqu/
3219,浙江,丽水,/lishui/
3220,浙江,遂昌,/suichang/
3221,浙江,龙泉,/longquan/
3222,浙江,缙云,/jinyun/
3223,浙江,青田,/qingtian/
3224,浙江,云和,/yunhe/
3225,浙江,庆元,/qingyuan2/
3226,浙江,松阳,/songyang/
3227,浙江,景宁,/jingning1/
3228,浙江,莲都,/liandu/
3229,浙江,古城,/guchengqu/
3230,浙江,宁波,/ningbo/
3231,浙江,慈溪,/cixi/
3232,浙江,余姚,/yuyao/
3233,浙江,奉化,/fenghua/
3234,浙江,象山,/xiangshan/
3235,浙江,宁海,/ninghai/
3236,浙江,北仑,/beilun/
3237,浙江,鄞州,/yinzhou/
3238,浙江,镇海,/zhenhai/
3239,浙江,海曙,/haishuqu/
3240,浙江,江东,/jiangdongqu/
3241,浙江,宁波江北,/ningbojiangbei/
3242,浙江,衢州,/quzhou1/
3243,浙江,常山,/changshan/
3244,浙江,开化,/kaihua/
3245,浙江,龙游,/longyou/
3246,浙江,江山,/jiangshan/
3247,浙江,衢江,/qujiang1/
3248,浙江,柯城,/kechengqu/
3249,浙江,绍兴,/shaoxing/
3250,浙江,诸暨,/zhuji/
3251,浙江,上虞,/shangyu/
3252,浙江,新昌,/xinchang/
3253,浙江,嵊州,/shengzhou/
3254,浙江,越城,/yuechengqu/
3255,浙江,柯桥,/keqiaoqv/
3256,浙江,台州,/taizhou/
3257,浙江,玉环,/yuhuan/
3258,浙江,三门,/sanmen/
3259,浙江,天台,/tiantai/
3260,浙江,仙居,/xianju/
3261,浙江,温岭,/wenling/
3262,浙江,洪家,/hongjia/
3263,浙江,临海,/linhai/
3264,浙江,椒江,/jiaojiang/
3265,浙江,黄岩,/huangyan/
3266,浙江,路桥,/luqiao/
3267,浙江,温州,/wenzhou/
3268,浙江,泰顺,/taishun/
3269,浙江,文成,/wencheng/
3270,浙江,平阳,/pingyang/
3271,浙江,瑞安,/ruian/
3272,浙江,洞头,/dongtou/
3273,浙江,乐清,/yueqing/
3274,浙江,永嘉,/yongjia/
3275,浙江,苍南,/cangnan/
3276,浙江,鹿城,/luchengqu/
3277,浙江,龙湾,/longwanqu/
3278,浙江,瓯海,/ouhaiqu/
3279,浙江,舟山,/zhoushan/
3280,浙江,嵊泗,/shengsi/
3281,浙江,岱山,/daishan/
3282,浙江,普陀,/putuo/
3283,浙江,定海,/dinghai/
